dataset,config,cost_ratio,C_rev,eps_hum,n_subjects,mean_delta,median_delta,ci_2.5,ci_97.5,permutation_p,wilcoxon_p,sign_p,n_positive,n_negative,n_zero,cs_wins_pct,holm_p
SEUMLD,OADNet_text,1.0,0.25,0.0,76,0.0,0.0,0.0,0.0,1.0,1.0,1.0,0,0,76,0.0,
SEUMLD,OADNet_text,1.0,0.5,0.0,76,0.0,0.0,0.0,0.0,1.0,1.0,1.0,0,0,76,0.0,
SEUMLD,OADNet_text,1.0,1.0,0.0,76,0.0,0.0,0.0,0.0,1.0,1.0,1.0,0,0,76,0.0,
SEUMLD,OADNet_text,1.0,2.0,0.0,76,0.0,0.0,0.0,0.0,1.0,1.0,1.0,0,0,76,0.0,
SEUMLD,OADNet_text,2.0,0.25,0.0,76,-0.016495356643775796,-0.006450719822812847,-0.026250663877528762,-0.007596439462789401,0.0006,0.014489319242613471,0.48868297090314317,34,41,1,53.94736842105263,
SEUMLD,OADNet_text,2.0,0.5,0.0,76,0.0037933397400515107,0.01111111111111111,-0.0059323802716131835,0.01310924593417477,0.4438,0.16846724077820796,0.034415913668175036,46,27,3,35.526315789473685,
SEUMLD,OADNet_text,2.0,1.0,0.0,76,0.04437073250770613,0.03527777777777776,0.03342315280968565,0.055873572306760766,0.0,1.4347775891533024e-09,3.108521862394645e-10,64,11,1,14.473684210526317,
SEUMLD,OADNet_text,2.0,2.0,0.0,76,0.12552551804301534,0.11293199554069111,0.10708998446120237,0.14482875038361986,0.0,5.278783231747444e-14,5.293955920339377e-23,75,0,1,0.0,
SEUMLD,OADNet_text,3.0,0.25,0.0,76,-0.041496954608316754,-0.018541456016177956,-0.05946686530967766,-0.02482519151872073,0.0,0.00048221135046349256,0.10534226887460482,30,45,1,59.210526315789465,
SEUMLD,OADNet_text,3.0,0.5,0.0,76,-0.014243486221701497,0.005103359173126582,-0.03209854217033615,0.0027071749274247166,0.1185,0.5760559264255665,0.566573442398685,41,35,0,46.05263157894737,0.1185
SEUMLD,OADNet_text,3.0,1.0,0.0,76,0.040263450551528995,0.04949443882709811,0.021359548494139995,0.059376221649030586,0.0,0.00021188480005126866,0.0007645817391550476,53,23,0,30.263157894736842,
SEUMLD,OADNet_text,3.0,2.0,0.0,76,0.14927732409798997,0.1388888888888889,0.12312514312735043,0.17672760135968715,0.0,1.7741734334387643e-13,5.249233110119942e-16,71,5,0,6.578947368421052,
SEUMLD,OADNet_text,5.0,0.25,0.0,76,-0.0943988972639767,-0.050543478260869565,-0.12948703681705004,-0.06167964967272983,0.0,6.823309320294854e-06,0.050452410247217666,29,47,0,61.8421052631579,
SEUMLD,OADNet_text,5.0,0.5,0.0,76,-0.06074608907718049,-0.013574317492416603,-0.09560917853504095,-0.027319957163017366,0.0008,0.02161636177025527,0.48868297090314317,34,41,1,53.94736842105263,
SEUMLD,OADNet_text,5.0,1.0,0.0,76,0.0065595272964119435,0.024154589371980693,-0.030406039572801698,0.04127894571487058,0.7253,0.36793452132998095,0.06394991646706692,46,29,1,38.15789473684211,
SEUMLD,OADNet_text,5.0,2.0,0.0,76,0.14117076004359683,0.13818181818181816,0.09616660671009032,0.18580970811997732,0.0,1.852164981715904e-07,1.4836899336372366e-05,57,19,0,25.0,
SEUMLD,OADNet_text,10.0,0.25,0.0,76,-0.2392297315485811,-0.139649209486166,-0.31626435207038,-0.16729933948114895,0.0,2.7310585973093946e-07,0.007905180027859783,26,50,0,65.78947368421053,
SEUMLD,OADNet_text,10.0,0.5,0.0,76,-0.19996389618899402,-0.09565217391304347,-0.2769523722753406,-0.12909559043078211,0.0,2.6221878141182707e-05,0.050452410247217666,29,47,0,61.8421052631579,
SEUMLD,OADNet_text,10.0,1.0,0.0,76,-0.12143222546981976,-0.02249747219413546,-0.2004936705533407,-0.04597926257577803,0.002,0.041362243566341196,0.7310088822226056,36,40,0,52.63157894736842,
SEUMLD,OADNet_text,10.0,2.0,0.0,76,0.03563111596852873,0.08654970760233932,-0.04722381987588312,0.11389410980280151,0.3852,0.20410591847595205,0.034415913668175036,46,27,3,35.526315789473685,
SEUMLD,OADNet_audio,1.0,0.25,0.0,76,0.0,0.0,0.0,0.0,1.0,1.0,1.0,0,0,76,0.0,
SEUMLD,OADNet_audio,1.0,0.5,0.0,76,0.0,0.0,0.0,0.0,1.0,1.0,1.0,0,0,76,0.0,
SEUMLD,OADNet_audio,1.0,1.0,0.0,76,0.0,0.0,0.0,0.0,1.0,1.0,1.0,0,0,76,0.0,
SEUMLD,OADNet_audio,1.0,2.0,0.0,76,0.0,0.0,0.0,0.0,1.0,1.0,1.0,0,0,76,0.0,
SEUMLD,OADNet_audio,2.0,0.25,0.0,76,-0.011014320696747217,0.0,-0.018042640735731825,-0.004380646079006085,0.0014,0.018150510472430072,0.794843653982861,28,31,17,40.78947368421053,
SEUMLD,OADNet_audio,2.0,0.5,0.0,76,-0.001043716609459678,0.0,-0.008027455880176781,0.005584100903348198,0.773,0.9368305700238457,0.43499280512215344,33,26,17,34.21052631578947,
SEUMLD,OADNet_audio,2.0,1.0,0.0,76,0.018897491565115377,0.013188405797101422,0.010552914793164794,0.027763278179125366,0.0,4.4359915085345464e-05,0.0005843646280443461,43,16,17,21.052631578947366,
SEUMLD,OADNet_audio,2.0,2.0,0.0,76,0.058779907914265496,0.0327759197324415,0.04385992668187613,0.07465494113320721,0.0,7.551804758280675e-10,1.7763568394002505e-15,50,0,26,0.0,
SEUMLD,OADNet_audio,3.0,0.25,0.0,76,-0.03099599841685527,0.0,-0.04647702627075241,-0.016720351756978082,0.0,0.0010809941395103183,0.5189580031896519,27,33,16,43.42105263157895,
SEUMLD,OADNet_audio,3.0,0.5,0.0,76,-0.016520867892177514,0.0,-0.03077889116173748,-0.0027268461333401083,0.0234,0.23016214285862469,0.8974218269914307,31,29,16,38.15789473684211,0.0468
SEUMLD,OADNet_audio,3.0,1.0,0.0,76,0.012429393157177981,0.00434782608695653,-0.002650466266861108,0.02721750917247504,0.1072,0.07424363343497437,0.018337087779101986,39,20,17,26.31578947368421,
SEUMLD,OADNet_audio,3.0,2.0,0.0,76,0.07032991525588897,0.0407558139534884,0.04861638289888545,0.0927303936574773,0.0,4.062947107201944e-08,3.183628737933597e-06,48,12,16,15.789473684210526,
SEUMLD,OADNet_audio,5.0,0.25,0.0,76,-0.08221185635443638,0.0,-0.11649724137306429,-0.04979540764774611,0.0,4.394608446499839e-05,0.2450608330229457,25,35,16,46.05263157894737,
SEUMLD,OADNet_audio,5.0,0.5,0.0,76,-0.06307447506657535,0.0,-0.09598272480019825,-0.03351907381405694,0.0001,0.003726016216285954,0.2450608330229457,25,35,16,46.05263157894737,
SEUMLD,OADNet_audio,5.0,1.0,0.0,76,-0.024799712490853283,0.0,-0.05520665175736336,0.003540929019918984,0.1066,0.45716576571784484,0.5189580031896519,33,27,16,35.526315789473685,
SEUMLD,OADNet_audio,5.0,2.0,0.0,76,0.051749812660590845,0.019565217391304367,0.01979145258851307,0.08480419333359955,0.0035,0.005390626685451641,0.01348929373119186,40,20,16,26.31578947368421,
SEUMLD,OADNet_audio,10.0,0.25,0.0,76,-0.2203557076335044,0.0,-0.3051904620067434,-0.142812031865191,0.0,1.085184350839554e-05,0.20003136851310313,25,36,15,47.368421052631575,
SEUMLD,OADNet_audio,10.0,0.5,0.0,76,-0.1971612903197731,0.0,-0.2797264625470948,-0.12358661438143732,0.0,3.148760330391955e-05,0.20003136851310313,25,36,15,47.368421052631575,
SEUMLD,OADNet_audio,10.0,1.0,0.0,76,-0.1507724556923104,0.0,-0.22810365537129831,-0.08065162085410515,0.0,0.0021359587146201073,0.20003136851310313,25,36,15,47.368421052631575,
SEUMLD,OADNet_audio,10.0,2.0,0.0,76,-0.057994786437385,0.0,-0.1299546535295102,0.008841174551433767,0.1003,0.4211220881349985,0.6089207154048286,33,28,15,36.84210526315789,
MDPE,OADNet_text,1.0,0.25,0.0,191,0.0,0.0,0.0,0.0,1.0,1.0,1.0,0,0,191,0.0,
MDPE,OADNet_text,1.0,0.5,0.0,191,0.0,0.0,0.0,0.0,1.0,1.0,1.0,0,0,191,0.0,
MDPE,OADNet_text,1.0,1.0,0.0,191,0.0,0.0,0.0,0.0,1.0,1.0,1.0,0,0,191,0.0,
MDPE,OADNet_text,1.0,2.0,0.0,191,0.0,0.0,0.0,0.0,1.0,1.0,1.0,0,0,191,0.0,
MDPE,OADNet_text,2.0,0.25,0.0,191,-0.01926360118370135,-0.012500000000000022,-0.023156323507094623,-0.015567688178162233,0.0,6.511005037086044e-16,2.084551709901982e-08,56,133,2,69.63350785340315,
MDPE,OADNet_text,2.0,0.5,0.0,191,-0.0031679186584718127,0.0,-0.00668030104712042,0.00019946505804688735,0.0744,0.3028095458413489,0.9415748463707182,94,92,5,48.167539267015705,
MDPE,OADNet_text,2.0,1.0,0.0,191,0.029023446391987253,0.025,0.025261637832916,0.03286293535169588,0.0,6.469505472171413e-26,2.676162516788307e-27,161,22,8,11.518324607329843,
MDPE,OADNet_text,2.0,2.0,0.0,191,0.09340617649290539,0.0833333333333334,0.08632284315957206,0.10051255785719702,0.0,8.867198932856871e-33,2.5489470578119236e-57,189,0,2,0.0,
MDPE,OADNet_text,3.0,0.25,0.0,191,-0.05011713711207224,-0.039583333333333345,-0.05799530740192732,-0.04243577614007133,0.0,4.586242002171392e-23,3.6334078296495384e-14,44,147,0,76.96335078534031,
MDPE,OADNet_text,3.0,0.5,0.0,191,-0.026776500493208892,-0.016666666666666698,-0.03402477426208361,-0.019806842324910843,0.0,1.3758417145891338e-09,4.090026923467007e-05,66,123,2,64.3979057591623,0.0
MDPE,OADNet_text,3.0,1.0,0.0,191,0.019904772744517792,0.024999999999999977,0.013507900827073373,0.026385158206237186,0.0,2.326319703485673e-08,2.948779291998265e-08,132,56,3,29.31937172774869,
MDPE,OADNet_text,3.0,2.0,0.0,191,0.11326731921997119,0.10833333333333325,0.10452993398588663,0.12227829311783898,0.0,5.617814659088439e-33,7.401326592827326e-52,188,3,0,1.5706806282722512,
MDPE,OADNet_text,5.0,0.25,0.0,191,-0.12498814401699675,-0.09583333333333335,-0.14383596773275664,-0.10759623501403749,0.0,1.2129221748492434e-26,3.627727204587861e-18,37,154,0,80.6282722513089,
MDPE,OADNet_text,5.0,0.5,0.0,191,-0.094814667273693,-0.07083333333333328,-0.11199936926170422,-0.07826169948402763,0.0,2.439341145111632e-19,1.825847246473081e-12,47,143,1,74.86910994764398,
MDPE,OADNet_text,5.0,1.0,0.0,191,-0.03446771378708551,-0.016666666666666673,-0.04973447340465892,-0.019384674482130666,0.0001,0.0005142466129588198,0.10741108743413678,82,105,4,54.973821989528794,
MDPE,OADNet_text,5.0,2.0,0.0,191,0.08622619318612944,0.08333333333333334,0.07239656840427955,0.10019951248197889,0.0,2.4498323279193896e-21,3.792509635155232e-23,160,29,2,15.18324607329843,
MDPE,OADNet_text,10.0,0.25,0.0,191,-0.31939069732149633,-0.2875,-0.36179851705364596,-0.27871925743607256,0.0,9.285957483533842e-29,1.9585913081662178e-19,35,156,0,81.67539267015707,
MDPE,OADNet_text,10.0,0.5,0.0,191,-0.2816981561575233,-0.2416666666666667,-0.32164731770240534,-0.2422109511343805,0.0,7.681413896256031e-26,2.3849687510454594e-17,38,152,1,79.58115183246073,
MDPE,OADNet_text,10.0,1.0,0.0,191,-0.2063130738295774,-0.15,-0.2435415243948706,-0.16931050345246224,0.0,3.0704971919618266e-18,9.258720231217133e-10,53,137,1,71.72774869109948,
MDPE,OADNet_text,10.0,2.0,0.0,191,-0.05554290917368537,-0.016666666666666653,-0.08826580165414671,-0.02299083769633507,0.0013,0.021739043272336157,0.4694207824747448,90,101,0,52.879581151832454,
MDPE,OADNet_audio,1.0,0.25,0.0,191,0.0,0.0,0.0,0.0,1.0,1.0,1.0,0,0,191,0.0,
MDPE,OADNet_audio,1.0,0.5,0.0,191,0.0,0.0,0.0,0.0,1.0,1.0,1.0,0,0,191,0.0,
MDPE,OADNet_audio,1.0,1.0,0.0,191,0.0,0.0,0.0,0.0,1.0,1.0,1.0,0,0,191,0.0,
MDPE,OADNet_audio,1.0,2.0,0.0,191,0.0,0.0,0.0,0.0,1.0,1.0,1.0,0,0,191,0.0,
MDPE,OADNet_audio,2.0,0.25,0.0,191,-0.01621708779118294,-1.6653345369377347e-17,-0.02039424700280749,-0.012257616283481293,0.0,2.719913981086875e-12,0.0007595047765707694,54,96,41,50.26178010471204,
MDPE,OADNet_audio,2.0,0.5,0.0,191,-0.004495788754837242,0.0,-0.007611612223992716,-0.0014416638212307463,0.004,0.03965689889343604,0.8672499070976046,73,70,48,36.64921465968586,
MDPE,OADNet_audio,2.0,1.0,0.0,191,0.01894680931785416,0.00833333333333337,0.015287483875863116,0.022786250853630778,0.0,8.659294774864323e-19,1.3966293565787205e-17,118,21,52,10.99476439790576,
MDPE,OADNet_audio,2.0,2.0,0.0,191,0.06583200546323698,0.05,0.056142347674330385,0.07647772972152667,0.0,6.772478040572684e-26,1.1210387714598537e-44,147,0,44,0.0,
MDPE,OADNet_audio,3.0,0.25,0.0,191,-0.04357216025495106,-0.016666666666666663,-0.053063751991805144,-0.03465452851126792,0.0,8.943718200780077e-18,5.908093219102377e-08,43,110,38,57.59162303664922,
MDPE,OADNet_audio,3.0,0.5,0.0,191,-0.02702595037559754,0.0,-0.03442432088929357,-0.020119698004400943,0.0,8.976898501321109e-11,0.0032594073594768742,57,94,40,49.21465968586388,0.0
MDPE,OADNet_audio,3.0,1.0,0.0,191,0.006066469383109494,0.0,0.0012576352530541007,0.01090560740572122,0.0162,0.0060617657812819786,0.0038645812171462044,92,56,43,29.31937172774869,
MDPE,OADNet_audio,3.0,2.0,0.0,191,0.07225130890052356,0.05,0.06195438766218985,0.08308672888686547,0.0,2.634372320508078e-26,7.692946050018267e-39,148,4,39,2.094240837696335,
MDPE,OADNet_audio,5.0,0.25,0.0,191,-0.10235886637832917,-0.03333333333333334,-0.1229186821837772,-0.08252085467410275,0.0,4.205740503916236e-20,5.607104085257025e-09,41,113,37,59.16230366492147,
MDPE,OADNet_audio,5.0,0.5,0.0,191,-0.08201305106608998,-0.025,-0.09994942237650808,-0.06508832707337431,0.0,6.446130525395854e-17,6.327895315902094e-07,46,108,37,56.54450261780105,
MDPE,OADNet_audio,5.0,1.0,0.0,191,-0.04132142044161165,0.0,-0.05403506525533045,-0.028922054025343365,0.0,1.8758713716944269e-07,0.06002721569726564,63,87,41,45.54973821989529,
MDPE,OADNet_audio,5.0,2.0,0.0,191,0.04006184080734503,0.025,0.03073426473935808,0.04989230025039836,0.0,4.864329901461194e-16,9.583340702506098e-14,119,30,42,15.706806282722512,
MDPE,OADNet_audio,10.0,0.25,0.0,191,-0.25110450337658397,-0.08125,-0.3010044270240534,-0.2040760158206237,0.0,1.6096757736797792e-20,1.9815804011750467e-09,40,114,37,59.68586387434554,
MDPE,OADNet_audio,10.0,0.5,0.0,191,-0.22798486228090145,-0.07083333333333333,-0.274433260300478,-0.18417745561119966,0.0,2.4739866572600032e-20,1.9815804011750467e-09,40,114,37,59.68586387434554,
MDPE,OADNet_audio,10.0,1.0,0.0,191,-0.1817455800895364,-0.04166666666666665,-0.2230098072691403,-0.14442071667046058,0.0,1.4326269211298614e-16,3.7243110321213415e-07,45,108,38,56.54450261780105,
MDPE,OADNet_audio,10.0,2.0,0.0,191,-0.08926701570680624,0.0,-0.11745238637225887,-0.06302052507777521,0.0,2.4790993070603607e-07,0.08817464794467393,65,87,39,45.54973821989529,
SEUMLD,OADNet_text,1.0,0.25,0.05,76,0.0,0.0,0.0,0.0,1.0,1.0,1.0,0,0,76,0.0,
SEUMLD,OADNet_text,1.0,0.5,0.05,76,0.0,0.0,0.0,0.0,1.0,1.0,1.0,0,0,76,0.0,
SEUMLD,OADNet_text,1.0,1.0,0.05,76,0.0,0.0,0.0,0.0,1.0,1.0,1.0,0,0,76,0.0,
SEUMLD,OADNet_text,1.0,2.0,0.05,76,0.0,0.0,0.0,0.0,1.0,1.0,1.0,0,0,76,0.0,
SEUMLD,OADNet_text,2.0,0.25,0.05,76,-0.011518016041320266,-0.002419908466819204,-0.020753821139660157,-0.002788894728831319,0.0139,0.1585659270714479,0.8175538505509841,36,39,1,51.31578947368421,
SEUMLD,OADNet_text,2.0,0.5,0.05,76,0.008770680342507052,0.014999999999999986,-0.0005266328245338143,0.017930145424998573,0.0652,0.02880459491804784,0.005228243004014281,50,25,1,32.89473684210527,
SEUMLD,OADNet_text,2.0,1.0,0.05,76,0.04934807311016166,0.03849999999999999,0.038107412451761635,0.06072691697505558,0.0,1.608057187467392e-10,5.154208808246549e-11,65,10,1,13.157894736842104,
SEUMLD,OADNet_text,2.0,2.0,0.05,76,0.13050285864547087,0.11721571906354525,0.11148091441013787,0.1503355402278242,0.0,5.2803729173201584e-14,5.293955920339377e-23,75,0,1,0.0,
SEUMLD,OADNet_text,3.0,0.25,0.05,76,-0.03375458016449597,-0.009757330637007077,-0.05110421393389015,-0.0174012622857676,0.0001,0.008535986883963623,0.3018724904870079,33,43,0,56.57894736842105,
SEUMLD,OADNet_text,3.0,0.5,0.05,76,-0.006501111777880715,0.010237726098191256,-0.0239413638318961,0.010198754191809524,0.4595,0.938098282964529,0.42219110499231566,42,34,0,44.73684210526316,0.4595
SEUMLD,OADNet_text,3.0,1.0,0.05,76,0.04800582499534977,0.05617073170731707,0.029381561686049523,0.06666863226031246,0.0,1.8549540293316676e-05,0.0003129786008370502,54,22,0,28.947368421052634,
SEUMLD,OADNet_text,3.0,2.0,0.05,76,0.15701969854181072,0.14490849673202616,0.1304501714654807,0.18456954991687904,0.0,7.963614596212059e-14,1.938302550893458e-18,73,3,0,3.9473684210526314,
SEUMLD,OADNet_text,5.0,0.25,0.05,76,-0.08254626740858655,-0.04082608695652172,-0.1167498929328026,-0.050066919104954206,0.0,7.078505912346336e-05,0.08464609267083598,30,46,0,60.526315789473685,
SEUMLD,OADNet_text,5.0,0.5,0.05,76,-0.04889345922179033,-0.008526289180990888,-0.08336486427532641,-0.01624262114263938,0.0043,0.08469677430213296,0.9087769252754927,37,39,0,51.31578947368421,
SEUMLD,OADNet_text,5.0,1.0,0.05,76,0.018412157151802114,0.036231884057970926,-0.01767826867561852,0.05290621948454389,0.315,0.12927505003730988,0.028626655508737896,48,28,0,36.84210526315789,
SEUMLD,OADNet_text,5.0,2.0,0.05,76,0.15302338989898698,0.1493181818181818,0.10952508125314175,0.19747298347697465,0.0,3.1194076265734014e-08,1.4836899336372366e-05,57,19,0,25.0,
SEUMLD,OADNet_text,10.0,0.25,0.05,76,-0.21884426396579612,-0.1191304347826087,-0.2930089554549016,-0.14850033470072702,0.0,8.271940213755462e-07,0.028626655508737896,28,48,0,63.1578947368421,
SEUMLD,OADNet_text,10.0,0.5,0.05,76,-0.179578428606209,-0.07999999999999996,-0.25370008473328576,-0.11160587437633332,0.0,0.00011718077842830654,0.08464609267083598,30,46,0,60.526315789473685,
SEUMLD,OADNet_text,10.0,1.0,0.05,76,-0.10104675788703477,-0.014929221435793762,-0.17372733845174557,-0.032041150981114604,0.0087,0.09968124834491289,0.7310088822226056,36,40,0,52.63157894736842,
SEUMLD,OADNet_text,10.0,2.0,0.05,76,0.056016583551313726,0.0923976608187135,-0.024272847329302513,0.1326222696960112,0.1648,0.0749109300948345,0.01544026202090637,49,27,0,35.526315789473685,
SEUMLD,OADNet_audio,1.0,0.25,0.05,76,0.0,0.0,0.0,0.0,1.0,1.0,1.0,0,0,76,0.0,
SEUMLD,OADNet_audio,1.0,0.5,0.05,76,0.0,0.0,0.0,0.0,1.0,1.0,1.0,0,0,76,0.0,
SEUMLD,OADNet_audio,1.0,1.0,0.05,76,0.0,0.0,0.0,0.0,1.0,1.0,1.0,0,0,76,0.0,
SEUMLD,OADNet_audio,1.0,2.0,0.05,76,0.0,0.0,0.0,0.0,1.0,1.0,1.0,0,0,76,0.0,
SEUMLD,OADNet_audio,2.0,0.25,0.05,76,-0.008495576759688839,0.0,-0.015284087204856913,-0.002216407823728444,0.0122,0.08525864406995368,0.794843653982861,28,31,17,40.78947368421053,
SEUMLD,OADNet_audio,2.0,0.5,0.05,76,0.0014750273275986932,0.0,-0.005327330197529937,0.008236077109393886,0.6687,0.5065483078563406,0.43499280512215344,33,26,17,34.21052631578947,
SEUMLD,OADNet_audio,2.0,1.0,0.05,76,0.02141623550217375,0.014006916996047425,0.01264857595280845,0.030540392875532174,0.0,1.3761389355681974e-05,0.00020372185740785698,44,15,17,19.736842105263158,
SEUMLD,OADNet_audio,2.0,2.0,0.05,76,0.061298651851323896,0.034247491638796104,0.04577420303044816,0.07788397912300683,0.0,2.3900953516978203e-11,3.469446951953614e-18,59,0,17,0.0,
SEUMLD,OADNet_audio,3.0,0.25,0.05,76,-0.026585268013868617,0.0,-0.04130762701201907,-0.013198509131915668,0.0004,0.004700752677839332,0.5189580031896519,27,33,16,43.42105263157895,
SEUMLD,OADNet_audio,3.0,0.5,0.05,76,-0.012110137489190861,0.0,-0.02606352174054131,0.0009765302047597851,0.0827,0.4439103494290324,0.8974218269914307,31,29,16,38.15789473684211,0.1654
SEUMLD,OADNet_audio,3.0,1.0,0.05,76,0.016840123560164632,0.005543478260869583,0.0019063225301185498,0.03119450836439095,0.032,0.02000433540910699,0.0062176026593266705,41,19,16,25.0,
SEUMLD,OADNet_audio,3.0,2.0,0.05,76,0.0747406456588756,0.047954856361149045,0.05280496411280831,0.09799268204899918,0.0,1.6389050234083188e-08,3.183628737933597e-06,48,12,16,15.789473684210526,
SEUMLD,OADNet_audio,5.0,0.25,0.05,76,-0.07433041059117226,0.0,-0.1069349391940858,-0.04371487829807166,0.0,0.00012724000263149353,0.2450608330229457,25,35,16,46.05263157894737,
SEUMLD,OADNet_audio,5.0,0.5,0.05,76,-0.055193029303311214,0.0,-0.08611580314361651,-0.02649758946295509,0.0004,0.0106347687157284,0.2450608330229457,25,35,16,46.05263157894737,
SEUMLD,OADNet_audio,5.0,1.0,0.05,76,-0.01691826672758917,0.0,-0.04634542702730336,0.010376760051023474,0.2516,0.6964135938250273,0.36629400670329104,34,26,16,34.21052631578947,
SEUMLD,OADNet_audio,5.0,2.0,0.05,76,0.05963125842385489,0.021925120772946706,0.02648618001727196,0.09353010979845894,0.0008,0.001295293378822421,0.002670436282807066,42,18,16,23.684210526315788,
SEUMLD,OADNet_audio,10.0,0.25,0.05,76,-0.20475706854813258,0.0,-0.28641217142147907,-0.13175016825383967,0.0,1.4118131697117883e-05,0.20003136851310313,25,36,15,47.368421052631575,
SEUMLD,OADNet_audio,10.0,0.5,0.05,76,-0.18156265123440124,0.0,-0.25868907962754545,-0.11067014679170842,0.0,5.67467688369349e-05,0.20003136851310313,25,36,15,47.368421052631575,
SEUMLD,OADNet_audio,10.0,1.0,0.05,76,-0.1351738166069385,0.0,-0.20841274253667666,-0.06998186657532302,0.0,0.004018553372303663,0.20003136851310313,25,36,15,47.368421052631575,
SEUMLD,OADNet_audio,10.0,2.0,0.05,76,-0.04239614735201309,0.0,-0.10899225340550299,0.021316560711946413,0.2094,0.6075537352365319,0.6089207154048286,33,28,15,36.84210526315789,
MDPE,OADNet_text,1.0,0.25,0.05,191,0.0,0.0,0.0,0.0,1.0,1.0,1.0,0,0,191,0.0,
MDPE,OADNet_text,1.0,0.5,0.05,191,0.0,0.0,0.0,0.0,1.0,1.0,1.0,0,0,191,0.0,
MDPE,OADNet_text,1.0,1.0,0.05,191,0.0,0.0,0.0,0.0,1.0,1.0,1.0,0,0,191,0.0,
MDPE,OADNet_text,1.0,2.0,0.05,191,0.0,0.0,0.0,0.0,1.0,1.0,1.0,0,0,191,0.0,
MDPE,OADNet_text,2.0,0.25,0.05,191,-0.015160482585932165,-0.008750000000000003,-0.018769071534259045,-0.011600202025950376,0.0,3.6283135440147983e-11,1.6031364068009595e-05,65,125,1,65.44502617801047,
MDPE,OADNet_text,2.0,0.5,0.05,191,0.0009351999392973679,0.004166666666666696,-0.002384608088625844,0.004326122524470749,0.583,0.32730088764028764,0.21735618793934322,104,86,1,45.0261780104712,
MDPE,OADNet_text,2.0,1.0,0.05,191,0.033126564989756434,0.028749999999999987,0.029273403710448443,0.037146198497609834,0.0,6.400700945581208e-29,7.905290080352722e-31,170,20,1,10.471204188481675,
MDPE,OADNet_text,2.0,2.0,0.05,191,0.09750929509067457,0.08875000000000002,0.09011642575309202,0.10496764502238409,0.0,6.256081204799491e-33,1.2744735289059618e-57,190,0,1,0.0,
MDPE,OADNet_text,3.0,0.25,0.05,191,-0.04300041733060171,-0.03249999999999999,-0.050343206995978454,-0.03572973101145762,0.0,3.7339628195505176e-20,3.669437586826548e-12,48,143,0,74.86910994764398,
MDPE,OADNet_text,3.0,0.5,0.05,191,-0.01965978071173838,-0.011666666666666669,-0.026380833143637608,-0.013089742677744903,0.0,3.7723826651758955e-06,0.02034707747611541,79,112,0,58.63874345549738,0.0
MDPE,OADNet_text,3.0,1.0,0.05,191,0.027021492525988306,0.026250000000000016,0.020701938216101372,0.03316817000531147,0.0,1.3089493495191262e-13,1.201594196420286e-13,146,45,0,23.56020942408377,
MDPE,OADNet_text,3.0,2.0,0.05,191,0.12038403900144166,0.1124999999999999,0.11162009162303664,0.1295437296077092,0.0,4.570402959767736e-33,1.2234945877497233e-55,190,1,0,0.5235602094240838,
MDPE,OADNet_text,5.0,0.25,0.05,191,-0.11274698383792398,-0.085,-0.1297114727976326,-0.09580522991122241,0.0,5.012030728420115e-25,5.890349705676008e-17,39,152,0,79.58115183246073,
MDPE,OADNet_text,5.0,0.5,0.05,191,-0.08257350709462022,-0.057083333333333354,-0.09837747078685788,-0.06676191052052508,0.0,1.0125658240369193e-16,2.3960182267252e-10,52,139,0,72.77486910994764,
MDPE,OADNet_text,5.0,1.0,0.05,191,-0.022226553608012744,-0.0062499999999999336,-0.03661818518096973,-0.00797630463236968,0.0021,0.04149290371595987,0.4694207824747448,90,101,0,52.879581151832454,
MDPE,OADNet_text,5.0,2.0,0.05,191,0.09846735336520218,0.08999999999999982,0.08510550876394257,0.11249984112982772,0.0,8.233996464084106e-25,9.907939068250734e-27,166,25,0,13.089005235602095,
MDPE,OADNet_text,10.0,0.25,0.05,191,-0.2957834433568556,-0.2633333333333333,-0.33563641494043545,-0.2580779578306397,0.0,3.604961606293949e-28,1.9585913081662178e-19,35,156,0,81.67539267015707,
MDPE,OADNet_text,10.0,0.5,0.05,191,-0.2580909021928826,-0.21749999999999997,-0.29588662834812957,-0.2214267679641855,0.0,5.704986853779805e-25,2.2628543764037026e-16,40,151,0,79.05759162303664,
MDPE,OADNet_text,10.0,1.0,0.05,191,-0.1827058198649366,-0.13374999999999998,-0.21800978829956746,-0.1474184853744594,0.0,1.3623660258498294e-16,2.493922669842346e-08,57,134,0,70.15706806282722,
MDPE,OADNet_text,10.0,2.0,0.05,191,-0.031935655209044705,0.00625,-0.06274246196600655,-0.00152016939828516,0.0444,0.28494207139995165,0.7723417190395665,98,93,0,48.69109947643979,
MDPE,OADNet_audio,1.0,0.25,0.05,191,0.0,0.0,0.0,0.0,1.0,1.0,1.0,0,0,191,0.0,
MDPE,OADNet_audio,1.0,0.5,0.05,191,0.0,0.0,0.0,0.0,1.0,1.0,1.0,0,0,191,0.0,
MDPE,OADNet_audio,1.0,1.0,0.05,191,0.0,0.0,0.0,0.0,1.0,1.0,1.0,0,0,191,0.0,
MDPE,OADNet_audio,1.0,2.0,0.05,191,0.0,0.0,0.0,0.0,1.0,1.0,1.0,0,0,191,0.0,
MDPE,OADNet_audio,2.0,0.25,0.05,191,-0.013174368313225587,0.0,-0.016893822558615983,-0.009574557534714322,0.0,8.577854522142667e-10,0.005172123521746941,57,92,42,48.167539267015705,
MDPE,OADNet_audio,2.0,0.5,0.05,191,-0.001453069276879885,0.0,-0.004289252788527204,0.001334758422490325,0.3231,0.6763217732107811,0.16490698265644316,84,66,41,34.55497382198953,
MDPE,OADNet_audio,2.0,1.0,0.05,191,0.02198952879581153,0.0125,0.01804825859321649,0.02613002930798999,0.0,9.842264207059326e-22,1.7309935519822625e-23,133,17,41,8.900523560209423,
MDPE,OADNet_audio,2.0,2.0,0.05,191,0.06887472494119433,0.05208333333333326,0.05851758005159725,0.07994965238257834,0.0,2.290062298230194e-26,1.401298464324817e-45,150,0,41,0.0,
MDPE,OADNet_audio,3.0,0.25,0.05,191,-0.03825897260793687,-0.01416666666666666,-0.046934379505273544,-0.030079928295014807,0.0,1.7516752480647844e-16,2.078609740242916e-06,47,106,38,55.497382198952884,
MDPE,OADNet_audio,3.0,0.5,0.05,191,-0.021712762728583346,0.0,-0.02843010186660596,-0.015430004647545332,0.0,1.9214931397147344e-08,0.023280116964126813,62,91,38,47.64397905759162,0.0
MDPE,OADNet_audio,3.0,1.0,0.05,191,0.011379657030123667,0.008333333333333304,0.0067385423780256335,0.016066222778663007,0.0,1.0802151787622041e-06,1.030627900095857e-05,104,49,38,25.654450261780106,
MDPE,OADNet_audio,3.0,2.0,0.05,191,0.07756449654753773,0.05708333333333333,0.06647091253129978,0.08926889132331739,0.0,1.3829965210375032e-26,3.9490181198430354e-39,149,4,38,2.094240837696335,
MDPE,OADNet_audio,5.0,0.25,0.05,191,-0.09338151604825859,-0.030000000000000006,-0.11229039096289553,-0.07542448213066243,0.0,1.6810966648948186e-19,5.607104085257025e-09,41,113,37,59.16230366492147,
MDPE,OADNet_audio,5.0,0.5,0.05,191,-0.07303570073601943,-0.01708333333333334,-0.08968696410956824,-0.057545510376356336,0.0,2.4800796268295072e-15,1.4858788501055987e-06,47,107,37,56.02094240837696,
MDPE,OADNet_audio,5.0,1.0,0.05,191,-0.03234407011154109,0.0,-0.044306517470976546,-0.021017207773730947,0.0,1.8780133690365524e-05,0.12547871343864123,67,87,37,45.54973821989529,
MDPE,OADNet_audio,5.0,2.0,0.05,191,0.04903919113741561,0.03416666666666672,0.03973818195614237,0.05875764236664392,0.0,7.928762657183844e-20,4.215322229503845e-21,133,21,37,10.99476439790576,
MDPE,OADNet_audio,10.0,0.25,0.05,191,-0.23414048865619544,-0.07708333333333332,-0.2809481134759845,-0.18981918914561047,0.0,1.6034357988648527e-20,1.9815804011750467e-09,40,114,37,59.68586387434554,
MDPE,OADNet_audio,10.0,0.5,0.05,191,-0.21102084756051295,-0.06583333333333333,-0.25452186717505126,-0.16985809336823732,0.0,4.632302836786074e-20,1.9815804011750467e-09,40,114,37,59.68586387434554,
MDPE,OADNet_audio,10.0,1.0,0.05,191,-0.1647815653691479,-0.03583333333333329,-0.20271397441004632,-0.12989680552393962,0.0,1.1777645219950217e-15,6.327895315902094e-07,46,108,37,56.54450261780105,
MDPE,OADNet_audio,10.0,2.0,0.05,191,-0.07230300098641777,0.0,-0.0971548343956294,-0.048466513961605576,0.0,5.5433944662434815e-06,0.12547871343864123,67,87,37,45.54973821989529,
SEUMLD,OADNet_text,1.0,0.25,0.1,76,0.0,0.0,0.0,0.0,1.0,1.0,1.0,0,0,76,0.0,
SEUMLD,OADNet_text,1.0,0.5,0.1,76,0.0,0.0,0.0,0.0,1.0,1.0,1.0,0,0,76,0.0,
SEUMLD,OADNet_text,1.0,1.0,0.1,76,0.0,0.0,0.0,0.0,1.0,1.0,1.0,0,0,76,0.0,
SEUMLD,OADNet_text,1.0,2.0,0.1,76,0.0,0.0,0.0,0.0,1.0,1.0,1.0,0,0,76,0.0,
SEUMLD,OADNet_text,2.0,0.25,0.1,76,-0.0065406754388647155,0.0025338164251207827,-0.01559823860372177,0.0019894818609959104,0.1454,0.6765584638601037,0.6444639138942256,40,35,1,46.05263157894737,
SEUMLD,OADNet_text,2.0,0.5,0.1,76,0.013748020944962594,0.017224932249322523,0.004564273669811985,0.022881274879199994,0.0034,0.003936711082798105,0.0010795155066662817,52,23,1,30.263157894736842,
SEUMLD,OADNet_text,2.0,1.0,0.1,76,0.05432541371261722,0.04367391304347827,0.04294010025840121,0.0662119218585386,0.0,1.7583280084791592e-11,5.154208808246549e-11,65,10,1,13.157894736842104,
SEUMLD,OADNet_text,2.0,2.0,0.1,76,0.13548019924792642,0.12149944258639914,0.11616859436261225,0.15619767248236668,0.0,5.2803729173201584e-14,5.293955920339377e-23,75,0,1,0.0,
SEUMLD,OADNet_text,3.0,0.25,0.1,76,-0.026012205720675172,-0.004615942028985498,-0.042745267445799075,-0.009667016467201197,0.0029,0.06019233087656189,0.566573442398685,35,41,0,53.94736842105263,
SEUMLD,OADNet_text,3.0,0.5,0.1,76,0.0012412626659400676,0.01670542635658916,-0.015461174872716275,0.017859168670245028,0.887,0.4059917730751951,0.08464609267083598,46,30,0,39.473684210526315,0.887
SEUMLD,OADNet_text,3.0,1.0,0.1,76,0.05574819943917056,0.05884552845528458,0.03652779416688308,0.0743283651322225,0.0,1.1956519023028584e-06,4.3689322062244415e-05,56,20,0,26.31578947368421,
SEUMLD,OADNet_text,3.0,2.0,0.1,76,0.16476207298563153,0.15230917874396133,0.13793092722036965,0.19212992383509125,0.0,4.399861648799065e-14,7.747704489416678e-20,74,2,0,2.631578947368421,
SEUMLD,OADNet_text,5.0,0.25,0.1,76,-0.07069363755319638,-0.02652998776009792,-0.10301157891668523,-0.040322377709718506,0.0001,0.0010291230958538137,0.08464609267083598,30,46,0,60.526315789473685,
SEUMLD,OADNet_text,5.0,0.5,0.1,76,-0.03704082936640015,-0.003478260869565197,-0.06963030446992231,-0.0054545451790291005,0.0257,0.22656615132390745,1.0,37,38,1,50.0,
SEUMLD,OADNet_text,5.0,1.0,0.1,76,0.030264787007192272,0.046666666666666634,-0.0040489500259287235,0.06411344113455045,0.0919,0.04483162168486068,0.007905180027859783,50,26,0,34.21052631578947,
SEUMLD,OADNet_text,5.0,2.0,0.1,76,0.16487601975437713,0.16023255813953496,0.12209786405161262,0.20883702849761399,0.0,4.3286629779383e-09,4.713242239575157e-06,58,18,0,23.684210526315788,
SEUMLD,OADNet_text,10.0,0.25,0.1,76,-0.19845879638301112,-0.10347826086956527,-0.2686021713889552,-0.13397408102727112,0.0,3.5025497387761487e-06,0.028626655508737896,28,48,0,63.1578947368421,
SEUMLD,OADNet_text,10.0,0.5,0.1,76,-0.15919296102342395,-0.06838725985844289,-0.22781007003164835,-0.09387293205726978,0.0,0.00069595939014766,0.20673684180839247,32,44,0,57.89473684210527,
SEUMLD,OADNet_text,10.0,1.0,0.1,76,-0.08066129030424975,0.0014651162790698003,-0.1516792859546416,-0.013614332155584854,0.0234,0.21402830913614934,0.9087769252754927,39,37,0,48.68421052631579,
SEUMLD,OADNet_text,10.0,2.0,0.1,76,0.07640205113409873,0.10232894736842102,0.00032307620745701147,0.15017284982721812,0.0564,0.03166601491545599,0.01544026202090637,49,27,0,35.526315789473685,
SEUMLD,OADNet_audio,1.0,0.25,0.1,76,0.0,0.0,0.0,0.0,1.0,1.0,1.0,0,0,76,0.0,
SEUMLD,OADNet_audio,1.0,0.5,0.1,76,0.0,0.0,0.0,0.0,1.0,1.0,1.0,0,0,76,0.0,
SEUMLD,OADNet_audio,1.0,1.0,0.1,76,0.0,0.0,0.0,0.0,1.0,1.0,1.0,0,0,76,0.0,
SEUMLD,OADNet_audio,1.0,2.0,0.1,76,0.0,0.0,0.0,0.0,1.0,1.0,1.0,0,0,76,0.0,
SEUMLD,OADNet_audio,2.0,0.25,0.1,76,-0.005976832822630464,0.0,-0.012644652610394437,0.00017840042780001533,0.0726,0.2737531001772273,0.794843653982861,28,31,17,40.78947368421053,
SEUMLD,OADNet_audio,2.0,0.5,0.1,76,0.003993771264657072,0.0,-0.0027860231444432424,0.010528169350045677,0.2468,0.16488368250705,0.06744461190078899,37,22,17,28.947368421052634,
SEUMLD,OADNet_audio,2.0,1.0,0.1,76,0.02393497943923213,0.014673913043478315,0.015299971955646615,0.03324060533382687,0.0,2.3875830978025957e-06,6.530630444913366e-05,45,14,17,18.421052631578945,
SEUMLD,OADNet_audio,2.0,2.0,0.1,76,0.06381739578838226,0.03571906354515056,0.04829172866216964,0.08061472632998554,0.0,2.389707459222374e-11,3.469446951953614e-18,59,0,17,0.0,
SEUMLD,OADNet_audio,3.0,0.25,0.1,76,-0.02217453761088196,0.0,-0.036000475618079945,-0.009465125864584563,0.0017,0.020802862007809782,0.5189580031896519,27,33,16,43.42105263157895,
SEUMLD,OADNet_audio,3.0,0.5,0.1,76,-0.0076994070862042106,0.0,-0.021256099040702293,0.004903979778829122,0.2656,0.7627833619021942,0.5189580031896519,33,27,16,35.526315789473685,0.5312
SEUMLD,OADNet_audio,3.0,1.0,0.1,76,0.021250853963151302,0.009752964426877453,0.006568418299785887,0.0359818711236163,0.0057,0.005640790618035988,0.0010657657791434353,43,17,16,22.36842105263158,
SEUMLD,OADNet_audio,3.0,2.0,0.1,76,0.07915137606186229,0.05095588235294111,0.05651815546082912,0.10268509737688125,0.0,5.1747861853588375e-09,1.6163814566157175e-07,50,10,16,13.157894736842104,
SEUMLD,OADNet_audio,5.0,0.25,0.1,76,-0.06644896482790816,0.0,-0.09770687862446066,-0.038372118609236505,0.0,0.00044561122684435374,0.2450608330229457,25,35,16,46.05263157894737,
SEUMLD,OADNet_audio,5.0,0.5,0.1,76,-0.047311583540047115,0.0,-0.07693794094699091,-0.019914897266945723,0.0018,0.024281193144371254,0.5189580031896519,27,33,16,43.42105263157895,
SEUMLD,OADNet_audio,5.0,1.0,0.1,76,-0.009036820964325074,0.0,-0.03680262552273878,0.017095724290551704,0.5261,0.9882530056508173,0.2450608330229457,35,25,16,32.89473684210527,
SEUMLD,OADNet_audio,5.0,2.0,0.1,76,0.06751270418711904,0.028013833992094873,0.03448709157875394,0.1006718340393192,0.0,0.00028422353350295645,0.0010657657791434353,43,17,16,22.36842105263158,
SEUMLD,OADNet_audio,10.0,0.25,0.1,76,-0.18915842946276065,0.0,-0.2671250069719303,-0.11960724239473859,0.0,1.716439424335726e-05,0.20003136851310313,25,36,15,47.368421052631575,
SEUMLD,OADNet_audio,10.0,0.5,0.1,76,-0.16596401214902934,0.0,-0.2402025878248039,-0.09889729696714095,0.0,8.156141018773846e-05,0.20003136851310313,25,36,15,47.368421052631575,
SEUMLD,OADNet_audio,10.0,1.0,0.1,76,-0.11957517752156661,0.0,-0.18701248568958728,-0.05832805751263265,0.0003,0.0123074097153754,0.30567741986311836,26,35,15,46.05263157894737,
SEUMLD,OADNet_audio,10.0,2.0,0.1,76,-0.026797508266641203,0.0,-0.09020078844842795,0.03172605813677691,0.4032,0.8772709555433387,0.30567741986311836,35,26,15,34.21052631578947,
MDPE,OADNet_text,1.0,0.25,0.1,191,0.0,0.0,0.0,0.0,1.0,1.0,1.0,0,0,191,0.0,
MDPE,OADNet_text,1.0,0.5,0.1,191,0.0,0.0,0.0,0.0,1.0,1.0,1.0,0,0,191,0.0,
MDPE,OADNet_text,1.0,1.0,0.1,191,0.0,0.0,0.0,0.0,1.0,1.0,1.0,0,0,191,0.0,
MDPE,OADNet_text,1.0,2.0,0.1,191,0.0,0.0,0.0,0.0,1.0,1.0,1.0,0,0,191,0.0,
MDPE,OADNet_text,2.0,0.25,0.1,191,-0.011057363988162986,-0.007083333333333319,-0.014525966973973748,-0.007674418108354199,0.0,1.1452474574033998e-06,0.0164358569934817,78,112,1,58.63874345549738,
MDPE,OADNet_text,2.0,0.5,0.1,191,0.005038318537066545,0.008333333333333382,0.0016840190833902408,0.008302877684194552,0.0028,0.0013575035897589564,0.01091824238405191,113,77,1,40.31413612565445,
MDPE,OADNet_text,2.0,1.0,0.1,191,0.03722968358752561,0.032499999999999994,0.03317871234539798,0.041354161924273464,0.0,1.0588384155312266e-30,6.098632634581428e-38,177,13,1,6.806282722513089,
MDPE,OADNet_text,2.0,2.0,0.1,191,0.10161241368844373,0.09250000000000007,0.09390482491084301,0.10916796608240381,0.0,6.255495379888823e-33,1.2744735289059618e-57,190,0,1,0.0,
MDPE,OADNet_text,3.0,0.25,0.1,191,-0.035883697549131205,-0.02625000000000005,-0.04273361503148951,-0.029041299131193583,0.0,1.134894652598823e-16,4.6330870548459496e-11,50,140,1,73.29842931937172,
MDPE,OADNet_text,3.0,0.5,0.1,191,-0.012543060930267852,-0.005000000000000027,-0.018907371575992107,-0.006382056681083548,0.0002,0.0029404602138065035,0.24690960012757365,87,104,0,54.45026178010471,0.0006000000000000001
MDPE,OADNet_text,3.0,1.0,0.1,191,0.03413821230745884,0.03166666666666669,0.028028297860232185,0.040045147583276416,0.0,2.8961181981736667e-19,3.627727204587861e-18,154,37,0,19.3717277486911,
MDPE,OADNet_text,3.0,2.0,0.1,191,0.1275007587829122,0.11666666666666674,0.1182466992943319,0.13682409989377037,0.0,4.354512540095536e-33,1.2234945877497233e-55,190,1,0,0.5235602094240838,
MDPE,OADNet_text,5.0,0.25,0.1,191,-0.1005058236588512,-0.07416666666666669,-0.1168230020297443,-0.0849662744707489,0.0,2.3222726885393587e-23,8.427408773507358e-16,41,150,0,78.53403141361257,
MDPE,OADNet_text,5.0,0.5,0.1,191,-0.07033234691554745,-0.05,-0.0854884285605888,-0.05544536763032097,0.0,4.0858453474116255e-14,1.4133240999032956e-06,62,129,0,67.5392670157068,
MDPE,OADNet_text,5.0,1.0,0.1,191,-0.00998539342893997,0.0058333333333333345,-0.02323379050003793,0.003352350330070573,0.1476,0.5682777209818818,0.6642959893958242,99,92,0,48.167539267015705,
MDPE,OADNet_text,5.0,2.0,0.1,191,0.11070851354427501,0.10166666666666661,0.09736036023218758,0.12396460751953867,0.0,1.0569867620548517e-27,4.4116026604458475e-31,171,20,0,10.471204188481675,
MDPE,OADNet_text,10.0,0.25,0.1,191,-0.2721761893922149,-0.23916666666666658,-0.30906594771985735,-0.23664560569845963,0.0,3.2965209896288154e-27,8.572087075329543e-19,36,155,0,81.15183246073299,
MDPE,OADNet_text,10.0,0.5,0.1,191,-0.23448364822824186,-0.19333333333333325,-0.2704398617118143,-0.19960251631383255,0.0,5.8637504096832304e-24,3.6334078296495384e-14,44,147,0,76.96335078534031,
MDPE,OADNet_text,10.0,1.0,0.1,191,-0.1590985659002959,-0.11083333333333326,-0.1924333219515896,-0.12551620001517563,0.0,1.8198526765212096e-14,1.3461523373328446e-07,59,132,0,69.10994764397905,
MDPE,OADNet_text,10.0,2.0,0.1,191,-0.008328401244403916,0.02333333333333352,-0.03735683663403892,0.02086352815084611,0.5706,0.7666702574669962,0.11117576581299059,107,84,0,43.97905759162304,
MDPE,OADNet_audio,1.0,0.25,0.1,191,0.0,0.0,0.0,0.0,1.0,1.0,1.0,0,0,191,0.0,
MDPE,OADNet_audio,1.0,0.5,0.1,191,0.0,0.0,0.0,0.0,1.0,1.0,1.0,0,0,191,0.0,
MDPE,OADNet_audio,1.0,1.0,0.1,191,0.0,0.0,0.0,0.0,1.0,1.0,1.0,0,0,191,0.0,
MDPE,OADNet_audio,1.0,2.0,0.1,191,0.0,0.0,0.0,0.0,1.0,1.0,1.0,0,0,191,0.0,
MDPE,OADNet_audio,2.0,0.25,0.1,191,-0.010131648835268226,0.0,-0.01355109454435086,-0.006902071951589649,0.0,1.1929747720795955e-06,0.1205291697094882,65,85,41,44.50261780104712,
MDPE,OADNet_audio,2.0,0.5,0.1,191,0.0015896502010774773,0.0,-0.0011211444343273318,0.004264241406783525,0.2478,0.09947290152107958,0.027152590737646,89,61,41,31.93717277486911,
MDPE,OADNet_audio,2.0,1.0,0.1,191,0.025032248273768876,0.01666666666666663,0.02072628803399347,0.029452414826618097,0.0,1.336682869999944e-23,2.642343883518912e-28,138,12,41,6.282722513089005,
MDPE,OADNet_audio,2.0,2.0,0.1,191,0.0719174444191517,0.054166666666666696,0.06107450773958573,0.08343345948099251,0.0,2.289890178202439e-26,1.401298464324817e-45,150,0,41,0.0,
MDPE,OADNet_audio,3.0,0.25,0.1,191,-0.03294578496092268,-0.008750000000000013,-0.041001425089156995,-0.02548705563775704,0.0,1.0524092342947422e-14,1.030627900095857e-05,49,104,38,54.45026178010471,
MDPE,OADNet_audio,3.0,0.5,0.1,191,-0.01639957508156917,0.0,-0.02244176341148798,-0.010786241368844384,0.0,3.6818605612331037e-06,0.07496157752821159,65,88,38,46.07329842931937,0.0
MDPE,OADNet_audio,3.0,1.0,0.1,191,0.016692844677137875,0.011666666666666669,0.012001953865998944,0.021445671143485858,0.0,9.285390315800034e-12,8.26739094435605e-09,112,41,38,21.465968586387437,
MDPE,OADNet_audio,3.0,2.0,0.1,191,0.08287768419455198,0.0641666666666667,0.07121626261476595,0.09493212212610976,0.0,8.8778602111595e-27,1.0458205731410583e-40,150,3,38,1.5706806282722512,
MDPE,OADNet_audio,5.0,0.25,0.1,191,-0.08440416571818803,-0.026666666666666682,-0.10211521881402232,-0.06745068859549283,0.0,1.3649551493985624e-18,1.5361489235286904e-08,42,112,37,58.63874345549738,
MDPE,OADNet_audio,5.0,0.5,0.1,191,-0.06405835040594886,-0.010000000000000009,-0.07913826921617725,-0.049891389710903705,0.0,1.8784364502724145e-13,3.3875571226294667e-06,48,106,37,55.497382198952884,
MDPE,OADNet_audio,5.0,1.0,0.1,191,-0.02336671978147052,0.0,-0.033682871424235525,-0.013211235677972541,0.0,0.0007699439032644179,0.5728459689997069,73,81,37,42.40837696335078,
MDPE,OADNet_audio,5.0,2.0,0.1,191,0.058016541467486145,0.03499999999999996,0.048298666439031794,0.06839651623795431,0.0,6.457563804881603e-23,1.728718686048066e-24,137,17,37,8.900523560209423,
MDPE,OADNet_audio,10.0,0.25,0.1,191,-0.21717647393580697,-0.07291666666666666,-0.2605522137491464,-0.17577979171409058,0.0,1.6094188803531608e-20,1.9815804011750467e-09,40,114,37,59.68586387434554,
MDPE,OADNet_audio,10.0,0.5,0.1,191,-0.19405683284012445,-0.060833333333333295,-0.2339891446619622,-0.15580764378936185,0.0,1.589598490155478e-19,1.9815804011750467e-09,40,114,37,59.68586387434554,
MDPE,OADNet_audio,10.0,1.0,0.1,191,-0.14781755064875943,-0.021739130434782615,-0.1820315985659003,-0.11609066033082936,0.0,4.1678685621108405e-14,7.501391752987299e-06,49,105,37,54.973821989528794,
MDPE,OADNet_audio,10.0,2.0,0.1,191,-0.055338986266029296,0.0,-0.07793007341224675,-0.033826162834812976,0.0,8.915429540074996e-05,0.2576337765467225,69,84,38,43.97905759162304,
SEUMLD,OADNet_text,1.0,0.25,0.2,76,0.0,0.0,0.0,0.0,1.0,1.0,1.0,0,0,76,0.0,
SEUMLD,OADNet_text,1.0,0.5,0.2,76,0.0,0.0,0.0,0.0,1.0,1.0,1.0,0,0,76,0.0,
SEUMLD,OADNet_text,1.0,1.0,0.2,76,0.0,0.0,0.0,0.0,1.0,1.0,1.0,0,0,76,0.0,
SEUMLD,OADNet_text,1.0,2.0,0.2,76,0.0,0.0,0.0,0.0,1.0,1.0,1.0,0,0,76,0.0,
SEUMLD,OADNet_text,2.0,0.25,0.2,76,0.003414005766046364,0.010000000000000026,-0.0052546507393788815,0.01157859612411393,0.4351,0.15701229982790998,0.06394991646706692,46,29,1,38.15789473684211,
SEUMLD,OADNet_text,2.0,0.5,0.2,76,0.02370270214987367,0.02175845410628019,0.014406319831084478,0.033022081963727044,0.0,9.406405563564058e-06,6.494900196551852e-05,55,20,1,26.31578947368421,
SEUMLD,OADNet_text,2.0,1.0,0.2,76,0.06428009491752829,0.051586956521739114,0.05222831326285911,0.07665313907594462,0.0,4.1610400935371783e-13,1.0098638262297781e-12,67,8,1,10.526315789473683,
SEUMLD,OADNet_text,2.0,2.0,0.2,76,0.14543488045283753,0.130066889632107,0.12514876669574412,0.16642144130481482,0.0,5.2803729173201584e-14,5.293955920339377e-23,75,0,1,0.0,
SEUMLD,OADNet_text,3.0,0.25,0.2,76,-0.01052745683303361,0.006124031007751945,-0.0259101761798777,0.0038930395943341865,0.1907,0.7054701576098965,0.42219110499231566,42,34,0,44.73684210526316,
SEUMLD,OADNet_text,3.0,0.5,0.2,76,0.01672601155358163,0.02538888888888892,0.0009321152568841125,0.03232335076783241,0.0394,0.02814943212986127,0.0038362357516146263,51,25,0,32.89473684210527,0.1182
SEUMLD,OADNet_text,3.0,1.0,0.2,76,0.07123294832681211,0.0664444444444444,0.05263820165097414,0.0904246489832256,0.0,7.0019162275021574e-09,4.713242239575157e-06,58,18,0,23.684210526315788,
SEUMLD,OADNet_text,3.0,2.0,0.2,76,0.18024682187327312,0.168186046511628,0.15301805679355227,0.2097562347132638,0.0,3.6057003700249217e-14,2.6469779601696886e-23,76,0,0,0.0,
SEUMLD,OADNet_text,5.0,0.25,0.2,76,-0.04698837784241605,-0.009471688574317426,-0.07706485793027772,-0.019767345064927822,0.0018,0.04293432991868728,0.7310088822226056,36,40,0,52.63157894736842,
SEUMLD,OADNet_text,5.0,0.5,0.2,76,-0.013335569655619836,0.004065656565656561,-0.04454769532666787,0.01583149066897736,0.3845,0.9810419486544497,0.3556992390814873,42,33,1,43.42105263157895,
SEUMLD,OADNet_text,5.0,1.0,0.2,76,0.053970046717972606,0.06463768115942028,0.021033008675678144,0.08558534434863858,0.0029,0.002566325311696973,0.0003713401159383162,52,21,3,27.631578947368425,
SEUMLD,OADNet_text,5.0,2.0,0.2,76,0.18858127946515746,0.1816666666666667,0.1465163129505317,0.2313600624713072,0.0,6.869674973500896e-11,1.0023457813247953e-09,64,12,0,15.789473684210526,
SEUMLD,OADNet_text,10.0,0.25,0.2,76,-0.15768786121744113,-0.07217391304347823,-0.22149908316751554,-0.09937704392692819,0.0,5.265636723284053e-05,0.050452410247217666,29,47,0,61.8421052631579,
SEUMLD,OADNet_text,10.0,0.5,0.2,76,-0.11842202585785402,-0.026729019211324555,-0.18164109786411647,-0.0588162424370977,0.0001,0.008666989092384624,0.42219110499231566,34,42,0,55.26315789473685,
SEUMLD,OADNet_text,10.0,1.0,0.2,76,-0.03989035513867974,0.026461988304093586,-0.10408218314133648,0.022440625605615525,0.2304,0.6711699135116926,0.566573442398685,41,35,0,46.05263157894737,
SEUMLD,OADNet_text,10.0,2.0,0.2,76,0.11717298629966875,0.12148741418764311,0.044305899546077575,0.18678956048564518,0.0017,0.0022146965603633633,0.0007645817391550476,53,23,0,30.263157894736842,
SEUMLD,OADNet_audio,1.0,0.25,0.2,76,0.0,0.0,0.0,0.0,1.0,1.0,1.0,0,0,76,0.0,
SEUMLD,OADNet_audio,1.0,0.5,0.2,76,0.0,0.0,0.0,0.0,1.0,1.0,1.0,0,0,76,0.0,
SEUMLD,OADNet_audio,1.0,1.0,0.2,76,0.0,0.0,0.0,0.0,1.0,1.0,1.0,0,0,76,0.0,
SEUMLD,OADNet_audio,1.0,2.0,0.2,76,0.0,0.0,0.0,0.0,1.0,1.0,1.0,0,0,76,0.0,
SEUMLD,OADNet_audio,2.0,0.25,0.2,76,-0.000939344948513706,0.0,-0.007297361793666604,0.0052355484880360304,0.7673,0.9308286261039578,0.43499280512215344,33,26,17,34.21052631578947,
SEUMLD,OADNet_audio,2.0,0.5,0.2,76,0.009031259138773826,0.0030772946859903396,0.0024013775333200198,0.01578402669546886,0.0134,0.009626746148252367,0.0037937056353716074,41,18,17,23.684210526315788,
SEUMLD,OADNet_audio,2.0,1.0,0.2,76,0.028972467313348887,0.016553911205074035,0.019692645096217543,0.0391441898559404,0.0,9.093413505288666e-08,1.9167786796225883e-05,46,13,17,17.105263157894736,
SEUMLD,OADNet_audio,2.0,2.0,0.2,76,0.068854883662499,0.04485024154589372,0.05203240240632252,0.08695580360949567,0.0,2.3900953516978203e-11,3.469446951953614e-18,59,0,17,0.0,
SEUMLD,OADNet_audio,3.0,0.25,0.2,76,-0.013353076804908659,0.0,-0.026310192279782582,-0.0014483236087990043,0.0333,0.2538481469660132,0.8974218269914307,31,29,16,38.15789473684211,
SEUMLD,OADNet_audio,3.0,0.5,0.2,76,0.0011220537197690922,0.00043478260869562747,-0.01139047784519172,0.013291076667375813,0.8637,0.49357654876091006,0.051893895928921435,38,22,16,28.947368421052634,1.0
SEUMLD,OADNet_audio,3.0,1.0,0.2,76,0.03007231476912459,0.01791092258748672,0.015469282635849116,0.04469323810604945,0.0,0.00023929532663789172,0.00039404324272610154,44,16,16,21.052631578947366,
SEUMLD,OADNet_audio,3.0,2.0,0.2,76,0.0879728368678356,0.05616806722689098,0.06509904819587714,0.11283904826976951,0.0,7.899273547265943e-10,1.6163814566157175e-07,50,10,16,13.157894736842104,
SEUMLD,OADNet_audio,5.0,0.25,0.2,76,-0.05068607330137995,0.0,-0.07820438580341266,-0.025532247962839823,0.0,0.005900870631494957,0.2450608330229457,25,35,16,46.05263157894737,
SEUMLD,OADNet_audio,5.0,0.5,0.2,76,-0.031548692013518925,0.0,-0.058031019146514345,-0.007511580864075897,0.0176,0.14518281683233492,0.794843653982861,28,31,17,40.78947368421053,
SEUMLD,OADNet_audio,5.0,1.0,0.2,76,0.006726070562203139,0.0,-0.019006946121064926,0.03105056238481769,0.6032,0.38502811760848654,0.09246098107292373,37,23,16,30.263157894736842,
SEUMLD,OADNet_audio,5.0,2.0,0.2,76,0.0832755957136472,0.03109756097560954,0.05122207388864541,0.11634687115909509,0.0,6.183255032990185e-06,0.00013451408092849532,45,15,16,19.736842105263158,
SEUMLD,OADNet_audio,10.0,0.25,0.2,76,-0.1579611512920169,0.0,-0.2237035341627458,-0.09781837968473177,0.0,4.577269253276309e-05,0.20003136851310313,25,36,15,47.368421052631575,
SEUMLD,OADNet_audio,10.0,0.5,0.2,76,-0.13476673397828556,0.0,-0.1979734057127513,-0.07648281761091422,0.0,0.0006890902763729687,0.20003136851310313,25,36,15,47.368421052631575,
SEUMLD,OADNet_audio,10.0,1.0,0.2,76,-0.08837789935082287,0.0,-0.14833164404959362,-0.03305922800548514,0.0033,0.06033987758476197,1.0,30,31,15,40.78947368421053,
SEUMLD,OADNet_audio,10.0,2.0,0.2,76,0.0043997699041025545,0.0,-0.05108461577233506,0.05848131475160794,0.8826,0.6075525771745516,0.12373144253809215,37,24,15,31.57894736842105,
MDPE,OADNet_text,1.0,0.25,0.2,191,0.0,0.0,0.0,0.0,1.0,1.0,1.0,0,0,191,0.0,
MDPE,OADNet_text,1.0,0.5,0.2,191,0.0,0.0,0.0,0.0,1.0,1.0,1.0,0,0,191,0.0,
MDPE,OADNet_text,1.0,1.0,0.2,191,0.0,0.0,0.0,0.0,1.0,1.0,1.0,0,0,191,0.0,
MDPE,OADNet_text,1.0,2.0,0.2,191,0.0,0.0,0.0,0.0,1.0,1.0,1.0,0,0,191,0.0,
MDPE,OADNet_text,2.0,0.25,0.2,191,-0.002851126792624627,2.2204460492503132e-17,-0.005968778454359205,0.00033810180969724983,0.0755,0.3823586096371996,0.7169046430967033,98,92,1,48.167539267015705,
MDPE,OADNet_text,2.0,0.5,0.2,191,0.013244555732604904,0.011666666666666691,0.010133721261097203,0.016425772061613175,0.0,1.397760668642948e-12,1.290476566427073e-10,139,51,1,26.701570680628272,
MDPE,OADNet_text,2.0,1.0,0.2,191,0.045435920783063966,0.040000000000000015,0.04118364443432734,0.04967342931937172,0.0,2.6395848890391285e-32,9.262560194799192e-44,181,8,2,4.18848167539267,
MDPE,OADNet_text,2.0,2.0,0.2,191,0.10981865088398206,0.10166666666666684,0.10195158965020107,0.11782543250625993,0.0,6.257936668947638e-33,1.2744735289059618e-57,190,0,1,0.0,
MDPE,OADNet_text,3.0,0.25,0.2,191,-0.021650257986190146,-0.013333333333333353,-0.027748838113665682,-0.015699562277107518,0.0,1.148428779746464e-08,0.00048245230382587854,71,120,0,62.82722513089005,
MDPE,OADNet_text,3.0,0.5,0.2,191,0.0016903786326731899,0.007499999999999995,-0.0038909486683359903,0.007405593178541614,0.556,0.24652459253594206,0.11117576581299059,107,84,0,43.97905759162304,1.0
MDPE,OADNet_text,3.0,1.0,0.2,191,0.04837165187039987,0.046666666666666634,0.042456844221868136,0.05421578837544578,0.0,7.0088263802125755e-28,7.905290080352722e-31,170,20,1,10.471204188481675,
MDPE,OADNet_text,3.0,2.0,0.2,191,0.14173419834585327,0.13391304347826066,0.1321290594885803,0.15158212876546018,0.0,4.290872046705662e-33,6.372367644529809e-58,191,0,0,0.0,
MDPE,OADNet_text,5.0,0.25,0.2,191,-0.07602350330070566,-0.053750000000000034,-0.09043395031868881,-0.062244415832005455,0.0,5.658423765727531e-18,8.768926359558217e-11,51,140,0,73.29842931937172,
MDPE,OADNet_text,5.0,0.5,0.2,191,-0.04585002655740192,-0.029166666666666653,-0.05916687058957431,-0.032897682866681835,0.0,2.8027797516005334e-08,0.002837056046486533,74,116,1,60.73298429319372,
MDPE,OADNet_text,5.0,1.0,0.2,191,0.014496926929205563,0.019999999999999997,0.002350756885954936,0.02599704074664239,0.019,0.002896948254041401,0.0008276083957788162,119,72,0,37.696335078534034,
MDPE,OADNet_text,5.0,2.0,0.2,191,0.13519083390242057,0.1283333333333334,0.12206426891266414,0.14870025229531836,0.0,1.4860374659159321e-31,1.5637040035956178e-40,180,11,0,5.7591623036649215,
MDPE,OADNet_text,10.0,0.25,0.2,191,-0.22496168146293344,-0.1908333333333331,-0.2581763838303361,-0.1934415168070415,0.0,2.921719454682005e-25,5.890349705676008e-17,39,152,0,79.58115183246073,
MDPE,OADNet_text,10.0,0.5,0.2,191,-0.18726914029896044,-0.14499999999999996,-0.21951316962592,-0.15598031432582135,0.0,7.91342307384988e-21,3.669437586826548e-12,48,143,0,74.86910994764398,
MDPE,OADNet_text,10.0,1.0,0.2,191,-0.11188405797101443,-0.07333333333333343,-0.14116430495485238,-0.08334810114576216,0.0,4.1300883518273173e-10,0.00027535864865410955,70,121,0,63.35078534031413,
MDPE,OADNet_text,10.0,2.0,0.2,191,0.0388861066848775,0.06666666666666657,0.013169104256772183,0.06412978033234694,0.002,0.0006626414923819217,0.00048245230382587854,120,71,0,37.17277486910995,
MDPE,OADNet_audio,1.0,0.25,0.2,191,0.0,0.0,0.0,0.0,1.0,1.0,1.0,0,0,191,0.0,
MDPE,OADNet_audio,1.0,0.5,0.2,191,0.0,0.0,0.0,0.0,1.0,1.0,1.0,0,0,191,0.0,
MDPE,OADNet_audio,1.0,1.0,0.2,191,0.0,0.0,0.0,0.0,1.0,1.0,1.0,0,0,191,0.0,
MDPE,OADNet_audio,1.0,2.0,0.2,191,0.0,0.0,0.0,0.0,1.0,1.0,1.0,0,0,191,0.0,
MDPE,OADNet_audio,2.0,0.25,0.2,191,-0.004046209879353516,0.0,-0.006800108126564989,-0.0013836287844297766,0.0031,0.05305125302960725,1.0,73,73,45,38.21989528795812,
MDPE,OADNet_audio,2.0,0.5,0.2,191,0.007675089156992184,0.005833333333333313,0.0050652553304499585,0.01039000493208893,0.0,5.77829374900141e-08,4.3994527618805575e-07,106,44,41,23.036649214659686,
MDPE,OADNet_audio,2.0,1.0,0.2,191,0.031117687229683576,0.019999999999999997,0.026056225813794666,0.036365837696335064,0.0,1.6925603924005407e-25,8.25930585661039e-34,142,7,42,3.664921465968586,
MDPE,OADNet_audio,2.0,2.0,0.2,191,0.0780028833750664,0.058333333333333307,0.06630154981409819,0.09025003793914561,0.0,2.2907509031982145e-26,1.401298464324817e-45,150,0,41,0.0,
MDPE,OADNet_audio,3.0,0.25,0.2,191,-0.022319409666894306,0.0,-0.028311349969648684,-0.01643517859852797,0.0,7.375622771941418e-10,0.009453836147291133,60,93,38,48.69109947643979,
MDPE,OADNet_audio,3.0,0.5,0.2,191,-0.005773199787540782,0.0,-0.010479958646331281,-0.0011891740648000606,0.0171,0.09666039774553592,1.0,77,76,38,39.79057591623037,0.0684
MDPE,OADNet_audio,3.0,1.0,0.2,191,0.027319219971166278,0.020000000000000018,0.022288062447833695,0.032705193869034095,0.0,2.3357537817172075e-20,2.5441093918760216e-19,130,23,38,12.041884816753926,
MDPE,OADNet_audio,3.0,2.0,0.2,191,0.09350405948858033,0.07333333333333329,0.08022027467941426,0.10734113931254269,0.0,7.798663851155726e-27,2.0637623133343743e-42,151,2,38,1.0471204188481675,
MDPE,OADNet_audio,5.0,0.25,0.2,191,-0.06644946505804689,-0.01750000000000007,-0.08157363988162986,-0.052389774926018665,0.0,3.04170147101058e-16,6.327895315902094e-07,46,108,37,56.54450261780105,
MDPE,OADNet_audio,5.0,0.5,0.2,191,-0.046103649745807725,0.0,-0.058171432771833974,-0.034313092799150166,0.0,5.298555042899006e-10,0.009453836147291133,60,93,38,48.69109947643979,
MDPE,OADNet_audio,5.0,1.0,0.2,191,-0.005412019121329384,0.0,-0.013908604598224445,0.002735061461415892,0.2086,0.48080556312989786,0.4189205249064939,82,71,38,37.17277486910995,
MDPE,OADNet_audio,5.0,2.0,0.2,191,0.07597124212762729,0.058333333333333307,0.06505269747325289,0.08756852758175886,0.0,2.0230080166806825e-25,3.2616556432290254e-35,147,7,37,3.664921465968586,
MDPE,OADNet_audio,10.0,0.25,0.2,191,-0.18324844449503003,-0.05708333333333333,-0.21998085732984296,-0.14803174320889292,0.0,3.051106357524055e-20,1.9815804011750467e-09,40,114,37,59.68586387434554,
MDPE,OADNet_audio,10.0,0.5,0.2,191,-0.16012880339934749,-0.04499999999999997,-0.19453240951513776,-0.12746605394946506,0.0,8.225728696086906e-18,2.615376985325889e-07,45,109,37,57.06806282722513,
MDPE,OADNet_audio,10.0,1.0,0.2,191,-0.11388952120798239,-0.008333333333333304,-0.14167924349343652,-0.0875221280066773,0.0,2.374532134486958e-11,0.0015876769917063992,57,97,37,50.78534031413613,
MDPE,OADNet_audio,10.0,2.0,0.2,191,-0.02141095682525228,0.0,-0.03855634911601789,-0.004175515972380305,0.0172,0.05313888047208301,0.9358089200203937,78,76,37,39.79057591623037,
