dataset,config,cost_ratio,C_rev,eps_hum,n_units,unit_type,mean_delta,median_delta,ci_2.5,ci_97.5,permutation_p,wilcoxon_p,n_positive,n_negative,n_zero,cs_wins_pct,holm_p
Open-Domain,TFIDF_LR,1.0,0.25,0.0,511,subject,0.0,0.0,0.0,0.0,1.0,1.0,0,0,511,0.0,
Open-Domain,TFIDF_LR,1.0,0.5,0.0,511,subject,0.0,0.0,0.0,0.0,1.0,1.0,0,0,511,0.0,
Open-Domain,TFIDF_LR,1.0,1.0,0.0,511,subject,0.0,0.0,0.0,0.0,1.0,1.0,0,0,511,0.0,
Open-Domain,TFIDF_LR,1.0,2.0,0.0,511,subject,0.0,0.0,0.0,0.0,1.0,1.0,0,0,511,0.0,
Open-Domain,TFIDF_LR,2.0,0.25,0.0,511,subject,-0.03685323862916818,-0.02692307692307694,-0.040738367212804584,-0.03306732840979416,9.999000099990002e-05,6.45519269297628e-57,112,385,14,75.34246575342466,
Open-Domain,TFIDF_LR,2.0,0.5,0.0,511,subject,-0.018370089358347674,-0.014285714285714235,-0.02173202238075036,-0.01507032277898227,9.999000099990002e-05,6.312387637228444e-21,172,302,37,59.099804305283755,
Open-Domain,TFIDF_LR,2.0,1.0,0.0,511,subject,0.01859620918329333,0.016666666666666496,0.01537150493559496,0.02178775632934146,9.999000099990002e-05,9.710390362233412e-26,328,125,58,24.46183953033268,
Open-Domain,TFIDF_LR,2.0,2.0,0.0,511,subject,0.09252880626657535,0.08571428571428585,0.08744347107556502,0.09761307153381517,9.999000099990002e-05,1.4752060267015564e-79,475,0,36,0.0,
Open-Domain,TFIDF_LR,3.0,0.25,0.0,511,subject,-0.08751309627532719,-0.0714285714285714,-0.09488679005545443,-0.08009148281322939,9.999000099990002e-05,1.5012683934199257e-71,80,425,6,83.17025440313111,
Open-Domain,TFIDF_LR,3.0,0.5,0.0,511,subject,-0.06168649897612714,-0.04999999999999993,-0.06869832735757395,-0.05500801864476031,9.999000099990002e-05,1.0257017098590157e-49,111,382,18,74.75538160469667,9.999000099990002e-05
Open-Domain,TFIDF_LR,3.0,1.0,0.0,511,subject,-0.010033304377727072,-1.1102230246251565e-16,-0.0160200885763508,-0.004097262543935726,0.0014998500149985001,0.01199032146716356,216,258,37,50.489236790606654,
Open-Domain,TFIDF_LR,3.0,2.0,0.0,511,subject,0.0932730848190731,0.08571428571428563,0.08652442018733604,0.10001478169579933,9.999000099990002e-05,4.8215379900554806e-74,451,41,19,8.023483365949119,
Open-Domain,TFIDF_LR,5.0,0.25,0.0,511,subject,-0.18895312015664265,-0.1535714285714286,-0.20409642248108492,-0.17423464246397222,9.999000099990002e-05,2.2932268469064886e-77,73,433,5,84.73581213307241,
Open-Domain,TFIDF_LR,5.0,0.5,0.0,511,subject,-0.15865766979269916,-0.125,-0.17268660780402462,-0.14485955854864857,9.999000099990002e-05,1.6731817125227543e-67,86,417,8,81.60469667318982,
Open-Domain,TFIDF_LR,5.0,1.0,0.0,511,subject,-0.09806676906481213,-0.07272727272727286,-0.11053623317321945,-0.08529433140245274,9.999000099990002e-05,5.3719015561197875e-37,137,356,18,69.66731898238747,
Open-Domain,TFIDF_LR,5.0,2.0,0.0,511,subject,0.023115032390961947,0.01666666666666683,0.012038334572581145,0.03449798109044684,9.999000099990002e-05,4.580311245574145e-05,284,209,18,40.90019569471624,
Open-Domain,TFIDF_LR,10.0,0.25,0.0,511,subject,-0.4503635812980236,-0.3821428571428571,-0.48550289070029773,-0.4162576977409414,9.999000099990002e-05,1.1547350119895136e-78,68,438,5,85.71428571428571,
Open-Domain,TFIDF_LR,10.0,0.5,0.0,511,subject,-0.41670826781394293,-0.33571428571428574,-0.4495406846903912,-0.38391436167659254,9.999000099990002e-05,8.082660486070524e-78,68,438,5,85.71428571428571,
Open-Domain,TFIDF_LR,10.0,1.0,0.0,511,subject,-0.34939764084578173,-0.25714285714285734,-0.3814319691506581,-0.31858725233235996,9.999000099990002e-05,7.254615990627555e-68,80,424,7,82.97455968688845,
Open-Domain,TFIDF_LR,10.0,2.0,0.0,511,subject,-0.2147763869094593,-0.1454545454545455,-0.2431227965337554,-0.18593022046446703,9.999000099990002e-05,2.0418522904718448e-36,138,358,15,70.0587084148728,
Open-Domain,TFIDF_LR,1.0,0.25,0.05,511,subject,0.0,0.0,0.0,0.0,1.0,1.0,0,0,511,0.0,
Open-Domain,TFIDF_LR,1.0,0.5,0.05,511,subject,0.0,0.0,0.0,0.0,1.0,1.0,0,0,511,0.0,
Open-Domain,TFIDF_LR,1.0,1.0,0.05,511,subject,0.0,0.0,0.0,0.0,1.0,1.0,0,0,511,0.0,
Open-Domain,TFIDF_LR,1.0,2.0,0.05,511,subject,0.0,0.0,0.0,0.0,1.0,1.0,0,0,511,0.0,
Open-Domain,TFIDF_LR,2.0,0.25,0.05,511,subject,-0.03177319907750437,-0.023571428571428577,-0.035358516858223325,-0.02821618055786354,9.999000099990002e-05,1.3239920924308792e-48,128,373,10,72.99412915851272,
Open-Domain,TFIDF_LR,2.0,0.5,0.05,511,subject,-0.013290049806683865,-0.008571428571428674,-0.016522146764954993,-0.010101918898127314,9.999000099990002e-05,3.878061941516161e-12,208,293,10,57.33855185909981,
Open-Domain,TFIDF_LR,2.0,1.0,0.05,511,subject,0.02367624873495716,0.021428571428571574,0.020554304917196318,0.02682462042197856,9.999000099990002e-05,1.3677028634484012e-36,382,119,10,23.28767123287671,
Open-Domain,TFIDF_LR,2.0,2.0,0.05,511,subject,0.09760884581823921,0.09071428571428619,0.09242715394249156,0.10295011189886437,9.999000099990002e-05,8.664470138019936e-84,501,0,10,0.0,
Open-Domain,TFIDF_LR,3.0,0.25,0.05,511,subject,-0.07856978702966967,-0.06571428571428573,-0.08575376118771427,-0.07175581858889103,9.999000099990002e-05,5.752447630514265e-67,90,416,5,81.40900195694715,
Open-Domain,TFIDF_LR,3.0,0.5,0.05,511,subject,-0.052743189730469646,-0.04166666666666674,-0.059111224174825026,-0.04655019871952363,9.999000099990002e-05,5.59046655057641e-42,126,380,5,74.36399217221134,9.999000099990002e-05
Open-Domain,TFIDF_LR,3.0,1.0,0.05,511,subject,-0.0010899951320695006,0.0,-0.006760123983974285,0.004568414551853878,0.6970302969703029,0.9546820012175398,255,251,5,49.11937377690802,
Open-Domain,TFIDF_LR,3.0,2.0,0.05,511,subject,0.10221639406473071,0.09285714285714297,0.09551252584391044,0.10901895903346497,9.999000099990002e-05,1.5308927910390026e-79,471,35,5,6.8493150684931505,
Open-Domain,TFIDF_LR,5.0,0.25,0.05,511,subject,-0.1741240872630306,-0.13999999999999996,-0.18794271405372195,-0.16049367472058282,9.999000099990002e-05,1.290743599164556e-75,73,433,5,84.73581213307241,
Open-Domain,TFIDF_LR,5.0,0.5,0.05,511,subject,-0.1438286368990871,-0.11357142857142866,-0.1572340372798544,-0.130967160986437,9.999000099990002e-05,9.93776427692997e-64,91,415,5,81.2133072407045,
Open-Domain,TFIDF_LR,5.0,1.0,0.05,511,subject,-0.08323773617119995,-0.06214285714285728,-0.09517647443880317,-0.0716302881234877,9.999000099990002e-05,1.3646463083630351e-30,154,352,5,68.88454011741683,
Open-Domain,TFIDF_LR,5.0,2.0,0.05,511,subject,0.037944065284574134,0.03714285714285692,0.02707238093771855,0.048815582821722804,9.999000099990002e-05,1.690645854324093e-10,302,204,5,39.92172211350293,
Open-Domain,TFIDF_LR,10.0,0.25,0.05,511,subject,-0.42185166833601284,-0.35357142857142876,-0.45501819853336495,-0.39045461593744385,9.999000099990002e-05,1.1681433485828748e-78,68,438,5,85.71428571428571,
Open-Domain,TFIDF_LR,10.0,0.5,0.05,511,subject,-0.3881963548519322,-0.30714285714285716,-0.41999323849394793,-0.3561951654428416,9.999000099990002e-05,7.26315856344951e-77,69,437,5,85.51859099804305,
Open-Domain,TFIDF_LR,10.0,1.0,0.05,511,subject,-0.3208857278837708,-0.2428571428571431,-0.3514986481392058,-0.29185860688561266,9.999000099990002e-05,1.1088052310156464e-65,82,424,5,82.97455968688845,
Open-Domain,TFIDF_LR,10.0,2.0,0.05,511,subject,-0.18626447394744824,-0.12642857142857133,-0.2132943534368434,-0.15982691548232134,9.999000099990002e-05,4.611337857886942e-31,155,351,5,68.68884540117418,
Open-Domain,TFIDF_LR,1.0,0.25,0.1,511,subject,0.0,0.0,0.0,0.0,1.0,1.0,0,0,511,0.0,
Open-Domain,TFIDF_LR,1.0,0.5,0.1,511,subject,0.0,0.0,0.0,0.0,1.0,1.0,0,0,511,0.0,
Open-Domain,TFIDF_LR,1.0,1.0,0.1,511,subject,0.0,0.0,0.0,0.0,1.0,1.0,0,0,511,0.0,
Open-Domain,TFIDF_LR,1.0,2.0,0.1,511,subject,0.0,0.0,0.0,0.0,1.0,1.0,0,0,511,0.0,
Open-Domain,TFIDF_LR,2.0,0.25,0.1,511,subject,-0.026693159525840546,-0.020000000000000018,-0.030138612626773094,-0.02328473039789087,9.999000099990002e-05,3.0257031867413665e-39,137,364,10,71.23287671232876,
Open-Domain,TFIDF_LR,2.0,0.5,0.1,511,subject,-0.008210010255020057,-0.002857142857142836,-0.011237922291885133,-0.005157666382323936,9.999000099990002e-05,2.4420256802130837e-05,222,279,10,54.59882583170255,
Open-Domain,TFIDF_LR,2.0,1.0,0.1,511,subject,0.028756288286620958,0.026153846153846194,0.025622655448487137,0.03198894855959434,9.999000099990002e-05,3.015052976756426e-48,395,106,10,20.743639921722114,
Open-Domain,TFIDF_LR,2.0,2.0,0.1,511,subject,0.10268888536990305,0.09692307692307645,0.09722761921162126,0.10816165609233132,9.999000099990002e-05,8.65732269929712e-84,501,0,10,0.0,
Open-Domain,TFIDF_LR,3.0,0.25,0.1,511,subject,-0.06962647778401203,-0.058333333333333404,-0.0762264526569321,-0.06318634312795271,9.999000099990002e-05,8.174097957078434e-62,96,408,7,79.84344422700586,
Open-Domain,TFIDF_LR,3.0,0.5,0.1,511,subject,-0.04379988048481201,-0.033333333333333326,-0.04979719104552767,-0.037924431070125816,9.999000099990002e-05,4.287747336372881e-34,142,363,6,71.0371819960861,9.999000099990002e-05
Open-Domain,TFIDF_LR,3.0,1.0,0.1,511,subject,0.007853314113588042,0.0071428571428571175,0.0025027945852798645,0.013324059089421086,0.0051994800519948,0.0026765757421302622,278,228,5,44.61839530332681,
Open-Domain,TFIDF_LR,3.0,2.0,0.1,511,subject,0.11115970331038828,0.10000000000000009,0.10434894257188784,0.11803790516941207,9.999000099990002e-05,4.3210281454597535e-81,476,20,15,3.9138943248532287,
Open-Domain,TFIDF_LR,5.0,0.25,0.1,511,subject,-0.1592950543694184,-0.12714285714285717,-0.17274395149045346,-0.14639313477889804,9.999000099990002e-05,6.371616275400727e-73,74,432,5,84.54011741682974,
Open-Domain,TFIDF_LR,5.0,0.5,0.1,511,subject,-0.1289996040054749,-0.10000000000000009,-0.14127078024171966,-0.11658752054642472,9.999000099990002e-05,2.152668397117916e-59,98,408,5,79.84344422700586,
Open-Domain,TFIDF_LR,5.0,1.0,0.1,511,subject,-0.06840870327758793,-0.04727272727272713,-0.07930653036352656,-0.05726658552906116,9.999000099990002e-05,8.523841870677162e-24,166,340,5,66.53620352250489,
Open-Domain,TFIDF_LR,5.0,2.0,0.1,511,subject,0.05277309817818629,0.050000000000000266,0.04262412186639197,0.06293559379846078,9.999000099990002e-05,2.1808831539530075e-19,335,171,5,33.46379647749511,
Open-Domain,TFIDF_LR,10.0,0.25,0.1,511,subject,-0.3933397553740022,-0.3250000000000004,-0.42398438296862984,-0.3629350064129176,9.999000099990002e-05,1.4352471276724783e-78,68,438,5,85.71428571428571,
Open-Domain,TFIDF_LR,10.0,0.5,0.1,511,subject,-0.3596844418899216,-0.2785714285714289,-0.38970883039552345,-0.3301919859929158,9.999000099990002e-05,1.943931013804021e-75,69,437,5,85.51859099804305,
Open-Domain,TFIDF_LR,10.0,1.0,0.1,511,subject,-0.2923738149217603,-0.21692307692307722,-0.32054379970974894,-0.2641204216146976,9.999000099990002e-05,1.6808311503604125e-62,89,417,5,81.60469667318982,
Open-Domain,TFIDF_LR,10.0,2.0,0.1,511,subject,-0.15775256098543763,-0.10999999999999988,-0.18270209565928733,-0.13247803855201104,9.999000099990002e-05,1.4935552067578314e-25,168,336,7,65.75342465753424,
Open-Domain,TFIDF_LR,1.0,0.25,0.2,511,subject,0.0,0.0,0.0,0.0,1.0,1.0,0,0,511,0.0,
Open-Domain,TFIDF_LR,1.0,0.5,0.2,511,subject,0.0,0.0,0.0,0.0,1.0,1.0,0,0,511,0.0,
Open-Domain,TFIDF_LR,1.0,1.0,0.2,511,subject,0.0,0.0,0.0,0.0,1.0,1.0,0,0,511,0.0,
Open-Domain,TFIDF_LR,1.0,2.0,0.2,511,subject,0.0,0.0,0.0,0.0,1.0,1.0,0,0,511,0.0,
Open-Domain,TFIDF_LR,2.0,0.25,0.2,511,subject,-0.016533080422512888,-0.012857142857142845,-0.01957511976770781,-0.013510244598845369,9.999000099990002e-05,1.4322006637528167e-20,176,301,34,58.9041095890411,
Open-Domain,TFIDF_LR,2.0,0.5,0.2,511,subject,0.0019500688483075931,0.004615384615384577,-0.0009547443044018427,0.004718439866287222,0.17668233176682333,0.038885212790663815,270,231,10,45.20547945205479,
Open-Domain,TFIDF_LR,2.0,1.0,0.2,511,subject,0.038916367389948574,0.034285714285714475,0.0357532454499186,0.04215883320853964,9.999000099990002e-05,1.0448132255926659e-66,423,59,29,11.545988258317024,
Open-Domain,TFIDF_LR,2.0,2.0,0.2,511,subject,0.11284896447323059,0.10571428571428587,0.10707045796126029,0.11869747046821406,9.999000099990002e-05,8.664139828839735e-84,501,0,10,0.0,
Open-Domain,TFIDF_LR,3.0,0.25,0.2,511,subject,-0.051739859292696824,-0.04166666666666652,-0.05759080434948827,-0.045979297914522925,9.999000099990002e-05,1.368055910964347e-47,124,382,5,74.75538160469667,
Open-Domain,TFIDF_LR,3.0,0.5,0.2,511,subject,-0.02591326199349682,-0.018461538461538418,-0.03130071882889886,-0.020438361953332596,9.999000099990002e-05,3.860681898686704e-16,186,320,5,62.62230919765166,9.999000099990002e-05
Open-Domain,TFIDF_LR,3.0,1.0,0.2,511,subject,0.02573993260490321,0.025714285714286023,0.020739883078434895,0.030782815314713507,9.999000099990002e-05,1.2886597159148588e-19,320,185,6,36.20352250489237,
Open-Domain,TFIDF_LR,3.0,2.0,0.2,511,subject,0.1290463218017034,0.1200000000000001,0.12200196028151016,0.13606618939877255,9.999000099990002e-05,3.3591665561292284e-84,497,9,5,1.761252446183953,
Open-Domain,TFIDF_LR,5.0,0.25,0.2,511,subject,-0.12963698858219402,-0.10250000000000004,-0.14132822429527422,-0.11816923763614075,9.999000099990002e-05,1.1896591003148755e-65,89,417,5,81.60469667318982,
Open-Domain,TFIDF_LR,5.0,0.5,0.2,511,subject,-0.09934153821825058,-0.07999999999999985,-0.11040203164415496,-0.08845079296654645,9.999000099990002e-05,1.672647421418286e-48,113,388,10,75.92954990215264,
Open-Domain,TFIDF_LR,5.0,1.0,0.2,511,subject,-0.038750637490363546,-0.0257142857142858,-0.04867543705479128,-0.028885692878550074,9.999000099990002e-05,5.1809657117337446e-11,202,295,14,57.72994129158513,
Open-Domain,TFIDF_LR,5.0,2.0,0.2,511,subject,0.08243116396541053,0.08000000000000007,0.07264717131096779,0.09224895183094789,9.999000099990002e-05,2.4037968982652985e-42,390,116,5,22.700587084148726,
Open-Domain,TFIDF_LR,10.0,0.25,0.2,511,subject,-0.3363159294499804,-0.2678571428571429,-0.3640191179770437,-0.30906362900526313,9.999000099990002e-05,3.0538809321192148e-77,68,438,5,85.71428571428571,
Open-Domain,TFIDF_LR,10.0,0.5,0.2,511,subject,-0.3026606159658998,-0.22666666666666702,-0.32918273987916863,-0.2768468059012092,9.999000099990002e-05,3.145802642402684e-71,75,431,5,84.34442270058709,
Open-Domain,TFIDF_LR,10.0,1.0,0.2,511,subject,-0.2353499889977387,-0.17777777777777803,-0.2600999142844546,-0.2112270223688034,9.999000099990002e-05,1.2291941797630602e-54,110,396,5,77.49510763209393,
Open-Domain,TFIDF_LR,10.0,2.0,0.2,511,subject,-0.10072873506141625,-0.06461538461538519,-0.12290132749398912,-0.07917754111511464,9.999000099990002e-05,3.4264338257905166e-14,198,308,5,60.273972602739725,
Cross-Cultural,TFIDF_LR,1.0,0.25,0.0,1200,paired_unit,0.0,0.0,0.0,0.0,1.0,1.0,0,0,1200,0.0,
Cross-Cultural,TFIDF_LR,1.0,0.5,0.0,1200,paired_unit,0.0,0.0,0.0,0.0,1.0,1.0,0,0,1200,0.0,
Cross-Cultural,TFIDF_LR,1.0,1.0,0.0,1200,paired_unit,0.0,0.0,0.0,0.0,1.0,1.0,0,0,1200,0.0,
Cross-Cultural,TFIDF_LR,1.0,2.0,0.0,1200,paired_unit,0.0,0.0,0.0,0.0,1.0,1.0,0,0,1200,0.0,
Cross-Cultural,TFIDF_LR,2.0,0.25,0.0,1200,paired_unit,-0.029395833333333333,0.0,-0.03587552083333333,-0.023145312500000004,9.999000099990002e-05,0.004115776332403714,419,217,564,18.083333333333336,
Cross-Cultural,TFIDF_LR,2.0,0.5,0.0,1200,paired_unit,-0.006958333333333335,0.0,-0.012709374999999998,-0.001291666666666667,0.017598240175982403,0.6821230767450034,420,205,575,17.083333333333332,
Cross-Cultural,TFIDF_LR,2.0,1.0,0.0,1200,paired_unit,0.03791666666666667,0.0,0.032,0.04375,9.999000099990002e-05,4.468113732144164e-31,455,134,611,11.166666666666666,
Cross-Cultural,TFIDF_LR,2.0,2.0,0.0,1200,paired_unit,0.12766666666666668,0.0,0.11816666666666667,0.1375,9.999000099990002e-05,8.566946272116628e-90,523,0,677,0.0,
Cross-Cultural,TFIDF_LR,3.0,0.25,0.0,1200,paired_unit,-0.0704375,0.0,-0.08285416666666666,-0.058270833333333334,9.999000099990002e-05,0.0028506322144754917,480,247,473,20.583333333333336,
Cross-Cultural,TFIDF_LR,3.0,0.5,0.0,1200,paired_unit,-0.038875,0.0,-0.05033333333333333,-0.027583333333333335,9.999000099990002e-05,0.052515805679450474,480,246,474,20.5,9.999000099990002e-05
Cross-Cultural,TFIDF_LR,3.0,1.0,0.0,1200,paired_unit,0.024249999999999994,0.0,0.013666666666666666,0.03491666666666666,0.00029997000299970003,6.23789163679795e-09,501,204,495,17.0,
Cross-Cultural,TFIDF_LR,3.0,2.0,0.0,1200,paired_unit,0.1505,0.0,0.13758333333333334,0.16333333333333333,9.999000099990002e-05,1.0191893105950468e-83,589,119,492,9.916666666666666,
Cross-Cultural,TFIDF_LR,5.0,0.25,0.0,1200,paired_unit,-0.1641041666666667,0.0,-0.18927083333333333,-0.14039479166666669,9.999000099990002e-05,0.0016578769722894434,515,266,419,22.166666666666668,
Cross-Cultural,TFIDF_LR,5.0,0.5,0.0,1200,paired_unit,-0.12320833333333332,0.0,-0.14695937500000003,-0.10025,9.999000099990002e-05,0.0018066974263033447,515,266,419,22.166666666666668,
Cross-Cultural,TFIDF_LR,5.0,1.0,0.0,1200,paired_unit,-0.04141666666666667,0.0,-0.063,-0.020250000000000004,0.00029997000299970003,0.4257008543271812,517,253,430,21.083333333333336,
Cross-Cultural,TFIDF_LR,5.0,2.0,0.0,1200,paired_unit,0.12216666666666666,0.0,0.10116666666666665,0.143,9.999000099990002e-05,3.6417844394251046e-31,573,199,428,16.583333333333332,
Cross-Cultural,TFIDF_LR,10.0,0.25,0.0,1200,paired_unit,-0.4128125,0.0,-0.47043802083333325,-0.3565796875,9.999000099990002e-05,0.0016398109843152287,530,273,397,22.75,
Cross-Cultural,TFIDF_LR,10.0,0.5,0.0,1200,paired_unit,-0.363125,0.0,-0.418834375,-0.30787395833333336,9.999000099990002e-05,0.0016385902157935303,530,273,397,22.75,
Cross-Cultural,TFIDF_LR,10.0,1.0,0.0,1200,paired_unit,-0.26375,0.0,-0.31666666666666665,-0.21183333333333335,9.999000099990002e-05,0.0028987938020581467,530,273,397,22.75,
Cross-Cultural,TFIDF_LR,10.0,2.0,0.0,1200,paired_unit,-0.065,0.0,-0.11316666666666668,-0.017995833333333388,0.009099090090990901,0.08888715737947406,535,248,417,20.666666666666668,
Cross-Cultural,TFIDF_LR,1.0,0.25,0.05,1200,paired_unit,0.0,0.0,0.0,0.0,1.0,1.0,0,0,1200,0.0,
Cross-Cultural,TFIDF_LR,1.0,0.5,0.05,1200,paired_unit,0.0,0.0,0.0,0.0,1.0,1.0,0,0,1200,0.0,
Cross-Cultural,TFIDF_LR,1.0,1.0,0.05,1200,paired_unit,0.0,0.0,0.0,0.0,1.0,1.0,0,0,1200,0.0,
Cross-Cultural,TFIDF_LR,1.0,2.0,0.05,1200,paired_unit,0.0,0.0,0.0,0.0,1.0,1.0,0,0,1200,0.0,
Cross-Cultural,TFIDF_LR,2.0,0.25,0.05,1200,paired_unit,-0.0236125,0.0,-0.0297,-0.017724687500000006,9.999000099990002e-05,0.005785372829186696,419,217,564,18.083333333333336,
Cross-Cultural,TFIDF_LR,2.0,0.5,0.05,1200,paired_unit,-0.0011750000000000057,0.0,-0.006716770833333338,0.004233333333333325,0.678932106789321,0.07999292622592537,431,205,564,17.083333333333332,
Cross-Cultural,TFIDF_LR,2.0,1.0,0.05,1200,paired_unit,0.04370000000000002,0.0,0.03803750000000002,0.049450000000000015,9.999000099990002e-05,1.7994281516492063e-54,502,134,564,11.166666666666666,
Cross-Cultural,TFIDF_LR,2.0,2.0,0.05,1200,paired_unit,0.13345000000000004,0.010000000000000231,0.12360802083333336,0.1435335416666667,9.999000099990002e-05,4.895652774506462e-106,636,0,564,0.0,
Cross-Cultural,TFIDF_LR,3.0,0.25,0.05,1200,paired_unit,-0.060725,0.0,-0.072341875,-0.049499999999999995,9.999000099990002e-05,0.002922702230737338,480,247,473,20.583333333333336,
Cross-Cultural,TFIDF_LR,3.0,0.5,0.05,1200,paired_unit,-0.029162499999999987,0.0,-0.04002968749999998,-0.01861239583333332,9.999000099990002e-05,0.17004454613750375,481,246,473,20.5,9.999000099990002e-05
Cross-Cultural,TFIDF_LR,3.0,1.0,0.05,1200,paired_unit,0.03396250000000002,0.0,0.023708229166666685,0.04427927083333335,9.999000099990002e-05,2.46064623295011e-17,523,204,473,17.0,
Cross-Cultural,TFIDF_LR,3.0,2.0,0.05,1200,paired_unit,0.16021249999999995,0.0349999999999997,0.1470789583333333,0.1735251041666666,9.999000099990002e-05,1.2361392649769472e-94,608,119,473,9.916666666666666,
Cross-Cultural,TFIDF_LR,5.0,0.25,0.05,1200,paired_unit,-0.147725,0.0,-0.17139999999999997,-0.125,9.999000099990002e-05,0.0016692928786316646,515,266,419,22.166666666666668,
Cross-Cultural,TFIDF_LR,5.0,0.5,0.05,1200,paired_unit,-0.10682916666666666,0.0,-0.12890010416666667,-0.0855415625,9.999000099990002e-05,0.003314718471629245,515,266,419,22.166666666666668,
Cross-Cultural,TFIDF_LR,5.0,1.0,0.05,1200,paired_unit,-0.025037500000000018,0.0,-0.045537812500000024,-0.004962187500000017,0.013298670132986702,0.02194562828090487,528,253,419,21.083333333333336,
Cross-Cultural,TFIDF_LR,5.0,2.0,0.05,1200,paired_unit,0.1385458333333333,0.0,0.1184323958333333,0.15892510416666664,9.999000099990002e-05,1.3485557267281224e-37,582,199,419,16.583333333333332,
Cross-Cultural,TFIDF_LR,10.0,0.25,0.05,1200,paired_unit,-0.3820625,0.0,-0.4382723958333333,-0.3290366666666667,9.999000099990002e-05,0.001647903166825003,530,273,397,22.75,
Cross-Cultural,TFIDF_LR,10.0,0.5,0.05,1200,paired_unit,-0.33237500000000003,0.0,-0.3849916666666667,-0.28213739583333336,9.999000099990002e-05,0.0016478173874550457,530,273,397,22.75,
Cross-Cultural,TFIDF_LR,10.0,1.0,0.05,1200,paired_unit,-0.233,0.0,-0.2826884375000001,-0.18305760416666675,9.999000099990002e-05,0.0034549740619303783,530,273,397,22.75,
Cross-Cultural,TFIDF_LR,10.0,2.0,0.05,1200,paired_unit,-0.034250000000000044,0.0,-0.08060958333333337,0.010946770833333268,0.1416858314168583,0.001150593432833681,555,248,397,20.666666666666668,
Cross-Cultural,TFIDF_LR,1.0,0.25,0.1,1200,paired_unit,0.0,0.0,0.0,0.0,1.0,1.0,0,0,1200,0.0,
Cross-Cultural,TFIDF_LR,1.0,0.5,0.1,1200,paired_unit,0.0,0.0,0.0,0.0,1.0,1.0,0,0,1200,0.0,
Cross-Cultural,TFIDF_LR,1.0,1.0,0.1,1200,paired_unit,0.0,0.0,0.0,0.0,1.0,1.0,0,0,1200,0.0,
Cross-Cultural,TFIDF_LR,1.0,2.0,0.1,1200,paired_unit,0.0,0.0,0.0,0.0,1.0,1.0,0,0,1200,0.0,
Cross-Cultural,TFIDF_LR,2.0,0.25,0.1,1200,paired_unit,-0.01782916666666667,0.0,-0.0235084375,-0.012278854166666672,9.999000099990002e-05,0.022107005915244497,419,217,564,18.083333333333336,
Cross-Cultural,TFIDF_LR,2.0,0.5,0.1,1200,paired_unit,0.0046083333333333245,0.0,-0.0006252083333333432,0.009841874999999988,0.09099090090990901,0.04969368245159091,431,205,564,17.083333333333332,
Cross-Cultural,TFIDF_LR,2.0,1.0,0.1,1200,paired_unit,0.049483333333333324,0.0,0.04363312499999999,0.055308333333333314,9.999000099990002e-05,6.443783597308313e-56,502,134,564,11.166666666666666,
Cross-Cultural,TFIDF_LR,2.0,2.0,0.1,1200,paired_unit,0.13923333333333338,0.020000000000000018,0.12919979166666667,0.14910958333333338,9.999000099990002e-05,4.43630678792354e-106,636,0,564,0.0,
Cross-Cultural,TFIDF_LR,3.0,0.25,0.1,1200,paired_unit,-0.0510125,0.0,-0.06238822916666667,-0.04025,9.999000099990002e-05,0.0041376708553794595,480,247,473,20.583333333333336,
Cross-Cultural,TFIDF_LR,3.0,0.5,0.1,1200,paired_unit,-0.019450000000000016,0.0,-0.029450000000000014,-0.009449583333333353,0.00039996000399960006,0.5663857858762236,484,243,473,20.25,0.00039996000399960006
Cross-Cultural,TFIDF_LR,3.0,1.0,0.1,1200,paired_unit,0.043675000000000026,0.0,0.03367479166666668,0.05340041666666669,9.999000099990002e-05,1.5636787914318928e-18,523,204,473,17.0,
Cross-Cultural,TFIDF_LR,3.0,2.0,0.1,1200,paired_unit,0.16992500000000005,0.07000000000000028,0.15662500000000004,0.18287500000000004,9.999000099990002e-05,5.690576158198672e-101,611,112,477,9.333333333333334,
Cross-Cultural,TFIDF_LR,5.0,0.25,0.1,1200,paired_unit,-0.13134583333333333,0.0,-0.1539167708333333,-0.10949916666666666,9.999000099990002e-05,0.0016732036275472807,515,266,419,22.166666666666668,
Cross-Cultural,TFIDF_LR,5.0,0.5,0.1,1200,paired_unit,-0.09044999999999997,0.0,-0.11208458333333332,-0.07011666666666666,9.999000099990002e-05,0.014316159185508583,515,266,419,22.166666666666668,
Cross-Cultural,TFIDF_LR,5.0,1.0,0.1,1200,paired_unit,-0.00865833333333333,0.0,-0.02796708333333333,0.010633333333333331,0.3755624437556244,0.011841917345833453,528,253,419,21.083333333333336,
Cross-Cultural,TFIDF_LR,5.0,2.0,0.1,1200,paired_unit,0.15492499999999998,0.0,0.13520812499999996,0.17414166666666664,9.999000099990002e-05,3.085971499310947e-45,587,194,419,16.166666666666664,
Cross-Cultural,TFIDF_LR,10.0,0.25,0.1,1200,paired_unit,-0.3513124999999999,0.0,-0.4033465625,-0.3016402083333333,9.999000099990002e-05,0.0016472845828856754,530,273,397,22.75,
Cross-Cultural,TFIDF_LR,10.0,0.5,0.1,1200,paired_unit,-0.3016249999999999,0.0,-0.351416875,-0.2542995833333333,9.999000099990002e-05,0.0016478787901048713,530,273,397,22.75,
Cross-Cultural,TFIDF_LR,10.0,1.0,0.1,1200,paired_unit,-0.20225,0.0,-0.2489172916666667,-0.156758125,9.999000099990002e-05,0.014681134578629193,530,273,397,22.75,
Cross-Cultural,TFIDF_LR,10.0,2.0,0.1,1200,paired_unit,-0.0035000000000000543,0.0,-0.04695979166666673,0.03780145833333327,0.8717128287171283,0.00017125222846983872,555,248,397,20.666666666666668,
Cross-Cultural,TFIDF_LR,1.0,0.25,0.2,1200,paired_unit,0.0,0.0,0.0,0.0,1.0,1.0,0,0,1200,0.0,
Cross-Cultural,TFIDF_LR,1.0,0.5,0.2,1200,paired_unit,0.0,0.0,0.0,0.0,1.0,1.0,0,0,1200,0.0,
Cross-Cultural,TFIDF_LR,1.0,1.0,0.2,1200,paired_unit,0.0,0.0,0.0,0.0,1.0,1.0,0,0,1200,0.0,
Cross-Cultural,TFIDF_LR,1.0,2.0,0.2,1200,paired_unit,0.0,0.0,0.0,0.0,1.0,1.0,0,0,1200,0.0,
Cross-Cultural,TFIDF_LR,2.0,0.25,0.2,1200,paired_unit,-0.006262499999999996,0.0,-0.011512499999999997,-0.0013124999999999962,0.018698130186981302,0.6571583817799771,423,207,570,17.25,
Cross-Cultural,TFIDF_LR,2.0,0.5,0.2,1200,paired_unit,0.016175,0.0,0.011099999999999997,0.021158541666666662,9.999000099990002e-05,7.099658050310967e-12,451,185,564,15.416666666666668,
Cross-Cultural,TFIDF_LR,2.0,1.0,0.2,1200,paired_unit,0.06104999999999998,0.0,0.055149999999999984,0.06704999999999998,9.999000099990002e-05,1.3974285009766316e-69,505,125,570,10.416666666666668,
Cross-Cultural,TFIDF_LR,2.0,2.0,0.2,1200,paired_unit,0.1508,0.040000000000000036,0.13986624999999994,0.16164999999999996,9.999000099990002e-05,4.771689085597818e-106,636,0,564,0.0,
Cross-Cultural,TFIDF_LR,3.0,0.25,0.2,1200,paired_unit,-0.0315875,0.0,-0.041550104166666664,-0.022170520833333335,9.999000099990002e-05,0.1698903202397829,481,246,473,20.5,
Cross-Cultural,TFIDF_LR,3.0,0.5,0.2,1200,paired_unit,-2.499999999999984e-05,0.0,-0.009475208333333332,0.009050208333333332,0.9966003399660034,0.0005596670877805549,501,226,473,18.833333333333332,0.9966003399660034
Cross-Cultural,TFIDF_LR,3.0,1.0,0.2,1200,paired_unit,0.06309999999999998,0.0,0.05368333333333331,0.07238374999999998,9.999000099990002e-05,1.4183199282398255e-29,534,193,473,16.083333333333332,
Cross-Cultural,TFIDF_LR,3.0,2.0,0.2,1200,paired_unit,0.18935000000000007,0.14000000000000012,0.17569875000000007,0.20313375000000003,9.999000099990002e-05,1.0839211585264572e-109,619,108,473,9.0,
Cross-Cultural,TFIDF_LR,5.0,0.25,0.2,1200,paired_unit,-0.09858750000000001,0.0,-0.11835031249999999,-0.079425,9.999000099990002e-05,0.001894372820361138,515,266,419,22.166666666666668,
Cross-Cultural,TFIDF_LR,5.0,0.5,0.2,1200,paired_unit,-0.05769166666666665,0.0,-0.0763583333333333,-0.03937499999999998,9.999000099990002e-05,0.6307144997412171,515,264,421,22.0,
Cross-Cultural,TFIDF_LR,5.0,1.0,0.2,1200,paired_unit,0.024100000000000014,0.0,0.0066987500000000155,0.041251249999999996,0.006799320067993201,1.5311649214483928e-08,555,225,420,18.75,
Cross-Cultural,TFIDF_LR,5.0,2.0,0.2,1200,paired_unit,0.18768333333333337,0.04000000000000048,0.16934875,0.20670000000000002,9.999000099990002e-05,1.6726594618675032e-75,646,135,419,11.25,
Cross-Cultural,TFIDF_LR,10.0,0.25,0.2,1200,paired_unit,-0.2898125,0.0,-0.33597114583333326,-0.24568697916666662,9.999000099990002e-05,0.0016464695419597575,530,273,397,22.75,
Cross-Cultural,TFIDF_LR,10.0,0.5,0.2,1200,paired_unit,-0.24012499999999992,0.0,-0.28541708333333327,-0.19755812499999995,9.999000099990002e-05,0.0016470441168516651,530,273,397,22.75,
Cross-Cultural,TFIDF_LR,10.0,1.0,0.2,1200,paired_unit,-0.14075,0.0,-0.18199999999999997,-0.10124958333333331,9.999000099990002e-05,0.5821383568649281,530,273,397,22.75,
Cross-Cultural,TFIDF_LR,10.0,2.0,0.2,1200,paired_unit,0.05800000000000003,0.0,0.019632916666666684,0.09633375000000001,0.0030996900309969004,3.199908986913269e-10,573,230,397,19.166666666666668,
