source,r,B,comparison,family,n_units,delta_cost,delta_cost_ci_low,delta_cost_ci_high,sign_flip_p,wilcoxon_p,delta_reject,delta_reject_ci_low,delta_reject_ci_high,delta_reject_sign_flip_p,delta_fp_per_sample,delta_fn_per_sample,excluded_degenerate_units,sign_flip_p_holm
CrossCultural,3.0,0.6,cs_vs_uni,secondary,1192,-0.03538559280484616,-0.044221525613880895,-0.027056283487439107,9.999000099990002e-05,4.89564592296952e-08,-0.022799619517320863,-0.032591653516831784,-0.013358811327561329,9.999000099990002e-05,0.034315591194785826,-0.019433791413657184,0,
CrossCultural,3.0,0.6,cs_vs_free2d,secondary,1192,-0.04381913877509515,-0.05186501013551139,-0.036007049991162825,9.999000099990002e-05,6.067580520040383e-21,-0.05397739378444077,-0.06408318337376644,-0.04376327505338621,9.999000099990002e-05,0.0401376389736289,-0.018989360285501224,0,
CrossCultural,3.0,0.6,cs_vs_match,secondary,1192,-0.04281474258403788,-0.0531285063073811,-0.033037462805185124,9.999000099990002e-05,5.243560334321456e-06,0.017202193313770497,0.007991329809964458,0.026474753603266604,9.999000099990002e-05,0.025999069675663632,-0.025804969638862252,0,
CrossCultural,3.0,0.7,cs_vs_uni,secondary,1192,-0.03022582609411469,-0.038255295154021034,-0.0226532916654561,9.999000099990002e-05,6.012065973918039e-07,-0.010303841386056152,-0.019031928525426848,-0.0016098817755697042,0.0198980101989801,0.021267777245126237,-0.015447227548737615,0,
CrossCultural,3.0,0.7,cs_vs_free2d,secondary,1192,-0.030227082062233068,-0.03729943607788092,-0.023518640080091423,9.999000099990002e-05,2.5814041885114887e-12,-0.03208181406587447,-0.040530254985739464,-0.023766284837226537,9.999000099990002e-05,0.023795708160221585,-0.01266062772983914,0,
CrossCultural,3.0,0.7,cs_vs_match,secondary,1192,-0.033369718578401465,-0.04193163659606612,-0.024833964608634282,9.999000099990002e-05,9.599221153251847e-05,0.016848570193788312,0.008330577769545893,0.025543323107029062,9.999000099990002e-05,0.01778323745605625,-0.019859080377117286,0,
CrossCultural,3.0,0.8,cs_vs_uni,secondary,1192,-0.019554614033431148,-0.027012802968261227,-0.012310485192589848,9.999000099990002e-05,0.5460303101315209,0.0381122617594933,0.03155933246353758,0.04508765863028656,9.999000099990002e-05,0.0065075037285607755,-0.015039416213912856,0,
CrossCultural,3.0,0.8,cs_vs_free2d,secondary,1192,-0.019554614033431148,-0.02703346591363055,-0.012378281178878917,9.999000099990002e-05,0.5460303101315209,0.0381122617594933,0.03117566295444861,0.04498803198572493,9.999000099990002e-05,0.0065075037285607755,-0.015039416213912856,0,
CrossCultural,3.0,0.8,cs_vs_match,secondary,1192,-0.019059997143050834,-0.02655772107913991,-0.011822982869805437,9.999000099990002e-05,0.8547491248587655,0.04139156425230251,0.034566227198882395,0.048199274247145464,9.999000099990002e-05,0.005793917119420474,-0.015183232129540852,0,
CrossCultural,2.0,0.6,cs_vs_uni,secondary,1192,-0.012260609450206765,-0.016638227500617386,-0.007998448917204158,9.999000099990002e-05,7.254789867994984e-06,-0.015854312540554152,-0.023100941401067242,-0.008803236402858891,0.00019998000199980003,0.02031599552572707,-0.01232472435282838,0,
CrossCultural,2.0,0.7,cs_vs_uni,secondary,1192,-0.009504924605595747,-0.013990895063409744,-0.0051671243384225785,9.999000099990002e-05,0.008407074374201318,-0.0010228725413289176,-0.007498761812153174,0.005449038866614366,0.7583241675832417,0.011822866730584853,-0.01040817753275807,0,
CrossCultural,2.0,0.8,cs_vs_uni,secondary,1192,-0.006485932854431176,-0.010376255892457654,-0.0028246571661001206,0.0006999300069993001,0.17901413449936243,0.01810602126248099,0.012823781393150102,0.023449194122432373,9.999000099990002e-05,0.00538460770214126,-0.010461775593906467,0,
CrossCultural,5.0,0.6,cs_vs_uni,secondary,1192,-0.10466568701153431,-0.12378862196539943,-0.08653201496781092,9.999000099990002e-05,2.886441976235237e-09,-0.009120341114888094,-0.021269699405972477,0.0029671864710140643,0.13758624137586242,0.042958028874555715,-0.0286127090657292,0,
CrossCultural,5.0,0.7,cs_vs_uni,secondary,1192,-0.08028808730885073,-0.09659434881684777,-0.06473225313265688,9.999000099990002e-05,1.4563421529896246e-08,-0.002637003423496714,-0.013272332248055825,0.007903068541963258,0.6316368363163684,0.02675342228614041,-0.021144601576648558,0,
CrossCultural,5.0,0.8,cs_vs_uni,secondary,1192,-0.06345859118510126,-0.07899034557735796,-0.04895197821031505,9.999000099990002e-05,0.033653849223014884,0.03449687430392129,0.02533829122965029,0.04375354092216508,9.999000099990002e-05,0.013821142271226165,-0.01890563412165761,0,
CrossCultural,10.0,0.6,cs_vs_uni,secondary,1192,-0.3049036400074571,-0.3531594333873853,-0.2588990404781879,9.999000099990002e-05,4.6794281020787494e-08,-0.0067488917216266195,-0.021277801156943357,0.007829487347104792,0.36836316368363164,0.05785412853365874,-0.035938332268030254,0,
CrossCultural,10.0,0.7,cs_vs_uni,secondary,1192,-0.21793713894699632,-0.2561498280307268,-0.1815407227612293,9.999000099990002e-05,1.3552495224203996e-08,-0.014655135366125303,-0.027728181412640305,-0.0013106621252070103,0.0263973602639736,0.040896833870827154,-0.025150640513476086,0,
CrossCultural,10.0,0.8,cs_vs_uni,secondary,1192,-0.17995499851099683,-0.21455374677231326,-0.14721541899853038,9.999000099990002e-05,5.8649782601158145e-08,0.0013013191599601035,-0.010320535547832108,0.013206580803843808,0.8336166383361664,0.02605315196548418,-0.020665881005646106,0,
MDPE_OADNet_audio,3.0,0.6,cs_vs_uni,secondary,191,-0.04953619394491236,-0.05998020050838457,-0.039604413271113144,9.999000099990002e-05,1.9591129147236774e-14,0.016642006222019882,-0.0018856703847029358,0.03495181728507474,0.0735926407359264,0.05527733515441233,-0.037711510736778205,0,
MDPE_OADNet_audio,3.0,0.6,cs_vs_free2d,secondary,191,-0.030307686470900673,-0.03952889065938236,-0.021297898171333183,9.999000099990002e-05,1.1339012498261087e-05,-0.019550041733060172,-0.03737954321268685,-0.0017941896198497768,0.028697130286971302,0.050984520828590944,-0.02383906214432051,0,
MDPE_OADNet_audio,3.0,0.6,cs_vs_match,secondary,191,-0.048750853630776254,-0.05900865012519919,-0.03861230461340011,9.999000099990002e-05,9.615156739301072e-14,0.015860459822444797,-0.0024208494574702163,0.03402202367402686,0.0897910208979102,0.0552754381971318,-0.03731884057971015,0,
MDPE_OADNet_audio,3.0,0.7,cs_vs_uni,primary,191,-0.036416837392821914,-0.04532511476591547,-0.027998046134001062,9.999000099990002e-05,3.7681323510173886e-11,0.017617042264208217,0.0021904165718188134,0.03373387586311557,0.026997300269973004,0.03767926246300933,-0.027634873662645117,0,0.00039996000399960006
MDPE_OADNet_audio,3.0,0.7,cs_vs_free2d,secondary,191,-0.02370817209196449,-0.03136820415054253,-0.016530963085211327,9.999000099990002e-05,3.3096901498839716e-06,-0.00549358828439183,-0.01933587525608923,0.00882104105015555,0.45285471452854714,0.03378480916609758,-0.01824872903862205,0,
MDPE_OADNet_audio,3.0,0.7,cs_vs_match,secondary,191,-0.04788868654677896,-0.057814942332498676,-0.03825574778056,9.999000099990002e-05,1.5779351055860983e-14,0.052098034752257376,0.03687684953334851,0.06813254040519007,9.999000099990002e-05,0.028600424918430838,-0.034179376280446164,0,
MDPE_OADNet_audio,3.0,0.8,cs_vs_uni,secondary,191,-0.013012178465740952,-0.019127304803095824,-0.007415206009560668,0.00019998000199980003,0.01365477393689003,-0.021236436755444274,-0.034003338644813724,-0.008114946126413239,0.0017998200179982,0.035182866681842326,-0.012525608923287046,0,
MDPE_OADNet_audio,3.0,0.8,cs_vs_free2d,secondary,191,-0.005390204112603383,-0.010433668146293347,-0.0006939306851809807,0.0287971202879712,0.7433665959566425,-0.04440966689430154,-0.05598120115335003,-0.0325079197966462,9.999000099990002e-05,0.0406366188633432,-0.00794066317626527,0,
MDPE_OADNet_audio,3.0,0.8,cs_vs_match,secondary,191,-0.01807136353289324,-0.024755434782608682,-0.011745011002352231,9.999000099990002e-05,0.00039071510685640223,0.004698763183853097,-0.007309166097579488,0.01675473290841489,0.44415558444155584,0.02606229607709234,-0.015494347067304043,0,
MDPE_OADNet_audio,2.0,0.6,cs_vs_uni,secondary,191,-0.008196752409135748,-0.012628068328401248,-0.0038261628348129698,0.00019998000199980003,0.001990527258165775,0.0037332119280673827,-0.01003552052507777,0.01713146862432658,0.5984401559844016,0.040649897564306856,-0.025356627968738145,0,
MDPE_OADNet_audio,2.0,0.7,cs_vs_uni,secondary,191,-0.007207489187343493,-0.010982434175582357,-0.0036914788678958903,9.999000099990002e-05,0.004345003416328,0.015097882995674935,0.004490050459063666,0.02595796342666362,0.0084991500849915,0.02410084224903255,-0.019428636467106762,0,
MDPE_OADNet_audio,2.0,0.8,cs_vs_uni,secondary,191,-0.0005064875938993775,-0.0031394642992639676,0.002085799377798017,0.7086291370862914,0.46136716243067677,-0.015596782760452236,-0.02545531717125732,-0.005817730859701045,0.0023997600239976003,0.025187798770771683,-0.008947947492222476,0,
MDPE_OADNet_audio,5.0,0.6,cs_vs_uni,secondary,191,-0.15403482813567038,-0.1789153435389635,-0.129556562523712,9.999000099990002e-05,1.7328708659600429e-22,0.038193337886030805,0.017184061764929058,0.060058046892783976,0.0006999300069993001,0.06170232946354049,-0.04696676530844526,0,
MDPE_OADNet_audio,5.0,0.7,cs_vs_uni,secondary,191,-0.1017641702708855,-0.12200389824721147,-0.08249229361104789,9.999000099990002e-05,7.916224850028091e-17,-0.005341831701950065,-0.02532480651035738,0.015426530844525384,0.6116388361163884,0.06045982244479855,-0.0319106153729418,0,
MDPE_OADNet_audio,5.0,0.8,cs_vs_uni,secondary,191,-0.0530218529478716,-0.067816127930799,-0.038681994081493296,9.999000099990002e-05,2.1715835241964922e-08,-0.02123453979816375,-0.03696240230670006,-0.005419369830791424,0.0103989601039896,0.04509257151528947,-0.01749943091281584,0,
MDPE_OADNet_audio,10.0,0.6,cs_vs_uni,secondary,191,-0.4438936945139995,-0.5061663916078611,-0.3826007758555277,9.999000099990002e-05,3.0410168695778623e-26,0.06172698990818727,0.03779658927080963,0.08524987669777674,9.999000099990002e-05,0.06170232946354049,-0.05364595189316337,0,
MDPE_OADNet_audio,10.0,0.7,cs_vs_uni,secondary,191,-0.3122467562030503,-0.3637082432278625,-0.26097031736095305,9.999000099990002e-05,7.290335563587513e-23,-0.005220426435996659,-0.028447909553076856,0.01799311404507171,0.6616338366163383,0.0737005842628424,-0.038333712724789436,0,
MDPE_OADNet_audio,10.0,0.8,cs_vs_uni,secondary,191,-0.18474751498596254,-0.22610877153046513,-0.1470329454055695,9.999000099990002e-05,1.3121640702615864e-13,-0.012923969952196688,-0.030689117156081653,0.005311764929053786,0.16278372162783722,0.05137908794293952,-0.02296646179528037,0,
MDPE_OADNet_text,3.0,0.6,cs_vs_uni,secondary,191,-0.03639976477729722,-0.04497600349040139,-0.028322164997344274,9.999000099990002e-05,5.244714514295331e-14,0.01575423021473556,0.006195367630320962,0.025533139843690718,0.0016998300169983002,0.03928788223689202,-0.027854920707185673,0,
MDPE_OADNet_text,3.0,0.6,cs_vs_free2d,secondary,191,-0.024147317702405354,-0.029406631762652707,-0.019068167159875558,9.999000099990002e-05,4.721959202832829e-15,-0.023061309659306473,-0.0317721374914637,-0.014471318005918516,9.999000099990002e-05,0.042789665376735724,-0.018468776083162605,0,
MDPE_OADNet_text,3.0,0.6,cs_vs_match,secondary,191,-0.04280199559905911,-0.05173979436983079,-0.034021762842400806,9.999000099990002e-05,2.793490782024657e-16,0.04391266408680478,0.03558672888686548,0.052327566583200535,9.999000099990002e-05,0.031258062068442206,-0.032005463236967895,0,
MDPE_OADNet_text,3.0,0.7,cs_vs_uni,primary,191,-0.02257474011685257,-0.028857628613703622,-0.016771852947871608,9.999000099990002e-05,1.2505076412764051e-09,-0.0009845208285909476,-0.00895174140678353,0.0070643637605281055,0.8107189281071893,0.032925487518021095,-0.018335989073526064,0,0.00039996000399960006
MDPE_OADNet_text,3.0,0.7,cs_vs_free2d,secondary,191,-0.019378367099172927,-0.02511201532741483,-0.013886414940435545,9.999000099990002e-05,1.4967812783690753e-08,-0.023668335989073523,-0.03133024129296607,-0.015831863191440924,9.999000099990002e-05,0.0399916533879657,-0.01584528416420062,0,
MDPE_OADNet_text,3.0,0.7,cs_vs_match,secondary,191,-0.024689847484634646,-0.03125922395477654,-0.018441151642765007,9.999000099990002e-05,4.157961110579063e-10,0.009619470369527275,0.0018341205706047436,0.017353412626147664,0.0170982901709829,0.03126754685484483,-0.02025570984141437,0,
MDPE_OADNet_text,3.0,0.8,cs_vs_uni,secondary,191,-0.011331474315198419,-0.01616710296684119,-0.006775765422262687,9.999000099990002e-05,0.00014245260108493923,0.012028606115790279,0.006145999317095381,0.01800406897336673,0.00019998000199980003,0.016685636239471884,-0.011343804537521813,0,
MDPE_OADNet_text,3.0,0.8,cs_vs_free2d,secondary,191,-0.010086121860535698,-0.014822919037863265,-0.005592064079216942,9.999000099990002e-05,0.0011536775141429373,0.0033424387282798445,-0.0025363741558540108,0.009162303664921469,0.2706729327067293,0.01887093102663328,-0.010209424083769632,0,
MDPE_OADNet_text,3.0,0.8,cs_vs_match,secondary,191,-0.013277752485014036,-0.01863004116397298,-0.008344406821458377,9.999000099990002e-05,5.377608131927512e-05,0.023774565596782767,0.018146151073677827,0.02935920783063966,9.999000099990002e-05,0.014238561347598452,-0.01313453221033462,0,
MDPE_OADNet_text,2.0,0.6,cs_vs_uni,secondary,191,-0.003538773806813871,-0.007132677934592912,-3.601847636391277e-05,0.05319468053194681,0.19231366187662435,-0.008822748311708024,-0.014974817892101078,-0.002540025798619019,0.0058994100589941,0.03300326276652249,-0.016065331208741176,0,
MDPE_OADNet_text,2.0,0.7,cs_vs_uni,secondary,191,-0.004214090598679718,-0.007175288337506637,-0.0013306443963881903,0.006099390060993901,0.021153625130871236,-0.0239832308976402,-0.030385556567266117,-0.017537322634494288,9.999000099990002e-05,0.029869489339100077,-0.011045982244479854,0,
MDPE_OADNet_text,2.0,0.8,cs_vs_uni,secondary,191,-3.4145231049393084e-05,-0.002109463919872519,0.0020127190985659,0.9848015198480152,0.6578064134910915,0.006267546854844831,0.001951874193793155,0.010549026860915096,0.0044995500449955,0.01140450717049852,-0.007286212914485166,0,
MDPE_OADNet_text,5.0,0.6,cs_vs_uni,secondary,191,-0.11222968358752562,-0.12980240818726763,-0.09545029023446393,9.999000099990002e-05,3.010606872368976e-24,0.009712421276272854,-0.0016489775400258123,0.021238333712724777,0.09659034096590341,0.05906555884361485,-0.035230290613855374,0,
MDPE_OADNet_text,5.0,0.7,cs_vs_uni,secondary,191,-0.07911829425601334,-0.09238008858790499,-0.06594143618635707,9.999000099990002e-05,2.822738793368039e-21,0.0019348964261324724,-0.009169891494043562,0.013296010698839057,0.7358264173582642,0.046498216860156316,-0.02531679186584718,0,
MDPE_OADNet_text,5.0,0.8,cs_vs_uni,secondary,191,-0.044578496092268,-0.05531951874193792,-0.034157869527278235,9.999000099990002e-05,1.7154363102848405e-11,0.005743986645420733,-0.002771596858638751,0.014303057895136183,0.1887811218878112,0.030002276348736624,-0.015490553152742998,0,
MDPE_OADNet_text,10.0,0.6,cs_vs_uni,secondary,191,-0.3618891797556719,-0.4093625749298126,-0.3169327386372259,9.999000099990002e-05,1.4339139781765845e-29,0.02401358221412853,0.010340077016465577,0.03821064762121556,0.0007999200079992001,0.07308407314667274,-0.0446980044009409,0,
MDPE_OADNet_text,10.0,0.7,cs_vs_uni,secondary,191,-0.26157713028302604,-0.29834367175051213,-0.2261152448971849,9.999000099990002e-05,1.447977702134894e-27,0.001969041657181863,-0.010949474542833305,0.015699265877532415,0.7788221177882212,0.065232566962592,-0.0327794218074209,0,
MDPE_OADNet_text,10.0,0.8,cs_vs_uni,secondary,191,-0.14134608088625847,-0.16856118161469008,-0.11522111408301086,9.999000099990002e-05,3.1579205343094863e-18,-0.004188481675392675,-0.016031565369147887,0.00794635404810682,0.49335066493350666,0.047958873966158284,-0.01872107140147204,0,
OpenDeception,3.0,0.6,cs_vs_uni,secondary,511,-0.07367510723675108,-0.07993390654789873,-0.06757762491911222,9.999000099990002e-05,3.6931811092940484e-67,0.0019118476652723215,-0.0047191560342245255,0.008484545841199459,0.5725427457254274,0.03997659874372203,-0.03820254327103643,0,
OpenDeception,3.0,0.6,cs_vs_free2d,secondary,511,-0.054116649821150796,-0.05943514576856064,-0.04887429346039914,9.999000099990002e-05,5.674327374239706e-59,-0.0362288309646431,-0.0423438448917901,-0.030201453254290835,9.999000099990002e-05,0.04161579016764926,-0.02587267483549284,0,
OpenDeception,3.0,0.6,cs_vs_match,secondary,511,-0.06225805614259625,-0.0678993741092567,-0.05682133253243821,9.999000099990002e-05,6.15190810233657e-65,-0.03334958366269521,-0.03965894102635786,-0.02715905175494217,9.999000099990002e-05,0.0470957266260593,-0.030892996979102656,0,
OpenDeception,3.0,0.7,cs_vs_uni,secondary,511,-0.06395282799392389,-0.0699841359988131,-0.058098792569682985,9.999000099990002e-05,5.395411375155965e-63,0.01674091292486596,0.01084087151161515,0.02256407193589189,9.999000099990002e-05,0.030510652643725055,-0.03427797903336064,0,
OpenDeception,3.0,0.7,cs_vs_free2d,secondary,511,-0.0493639487279409,-0.05425551359382084,-0.04444891266050757,9.999000099990002e-05,3.4584624003685036e-60,-0.04479845225442095,-0.05084855283876811,-0.03876836128646305,9.999000099990002e-05,0.04306754128671937,-0.023344087962483266,0,
OpenDeception,3.0,0.7,cs_vs_match,secondary,511,-0.07183553237369285,-0.07826393350072411,-0.06544179059687866,9.999000099990002e-05,4.952081147925187e-64,0.03749358491041466,0.03162906624795078,0.04347743287371466,9.999000099990002e-05,0.02698292792226256,-0.039188417583720915,0,
OpenDeception,3.0,0.8,cs_vs_uni,secondary,511,-0.03962092701818729,-0.04409468469669057,-0.03518612448651588,9.999000099990002e-05,4.003371958324571e-48,-0.023070845223487103,-0.028352747165858713,-0.01787467881107804,9.999000099990002e-05,0.029992692673710287,-0.019359399026718006,0,
OpenDeception,3.0,0.8,cs_vs_free2d,secondary,511,-0.029477239438100492,-0.03319095739007677,-0.02595990275760334,9.999000099990002e-05,1.049731356301338e-43,-0.04659917164809533,-0.051740332129275375,-0.04165782320527918,9.999000099990002e-05,0.03083068051756897,-0.012336111377207267,0,
OpenDeception,3.0,0.8,cs_vs_match,secondary,511,-0.047865119225197504,-0.053195658847566864,-0.042833239330793145,9.999000099990002e-05,2.363545711234654e-49,0.01432055876282882,0.009143915390979968,0.019308153414317793,9.999000099990002e-05,0.0222794426708321,-0.025768280425814676,0,
OpenDeception,2.0,0.6,cs_vs_uni,secondary,511,-0.023717128707343976,-0.02676046553468276,-0.02061903912026222,9.999000099990002e-05,2.3373818116520895e-39,-0.00921855270191865,-0.014251141118068708,-0.004148314829332441,0.0006999300069993001,0.028861542892854045,-0.02398469762461935,0,
OpenDeception,2.0,0.7,cs_vs_uni,secondary,511,-0.019205900644256816,-0.022214715731105176,-0.016292446355557905,9.999000099990002e-05,2.3071784858876707e-29,0.024906041990190718,0.020441246403085932,0.029283169266045975,9.999000099990002e-05,0.01465903090169235,-0.023158976270522262,0,
OpenDeception,2.0,0.8,cs_vs_uni,secondary,511,-0.015793114256910733,-0.018254466559750316,-0.013332699970175508,9.999000099990002e-05,1.1938177004727592e-28,-0.009862125263299428,-0.013904168727554235,-0.00594976012246071,9.999000099990002e-05,0.01659822021857247,-0.013730135921916744,0,
OpenDeception,5.0,0.6,cs_vs_uni,secondary,511,-0.20486449406214574,-0.21939817292948408,-0.19113896850051448,9.999000099990002e-05,1.3735792605499142e-79,-0.002494639520079833,-0.010700166815137462,0.005946897851007443,0.5602439756024398,0.060528106379378395,-0.052829056136296834,0,
OpenDeception,5.0,0.7,cs_vs_uni,secondary,511,-0.1677035923415571,-0.18038854475596158,-0.15466829699437334,9.999000099990002e-05,1.4886067338427172e-76,0.02697109370299194,0.019907601965331905,0.034182980587579403,9.999000099990002e-05,0.03743793931660858,-0.04372541570193234,0,
OpenDeception,5.0,0.8,cs_vs_uni,secondary,511,-0.10416367824391308,-0.11383050247751814,-0.09491185792898121,9.999000099990002e-05,4.942788633962586e-68,-0.014896981687588344,-0.02121021129338155,-0.00860020279785447,9.999000099990002e-05,0.03436882969172597,-0.02621680341836898,0,
OpenDeception,10.0,0.6,cs_vs_uni,secondary,511,-0.588097176795807,-0.6247224475350698,-0.5516723329670984,9.999000099990002e-05,2.589428746595186e-83,0.022295084780407676,0.012396744753398373,0.0319481862994583,9.999000099990002e-05,0.06722716509409268,-0.06664718842801033,0,
OpenDeception,10.0,0.7,cs_vs_uni,secondary,511,-0.4740223627209929,-0.5072288606153577,-0.4408686431257371,9.999000099990002e-05,2.6351335376777064e-81,0.02408217787865537,0.015100457001141931,0.03295461192427923,9.999000099990002e-05,0.05174670513222372,-0.053781015679254425,0,
OpenDeception,10.0,0.8,cs_vs_uni,secondary,511,-0.2979928605858156,-0.3230199212616042,-0.27343016757106775,9.999000099990002e-05,8.20135919468162e-75,-0.005940645568825605,-0.013474378415669999,0.0014685957660517384,0.1192880711928807,0.039611907987641845,-0.033463444578904454,0,
SEUMLD_OADNet_audio,3.0,0.6,cs_vs_uni,secondary,76,-0.004175722123802591,-0.021707076121302724,0.012864481916435822,0.6302369763023697,0.981041882586898,-0.006583072759044041,-0.02789885506650566,0.016173892685596113,0.575942405759424,0.05096773011036344,-0.017283971951548006,0,
SEUMLD_OADNet_audio,3.0,0.6,cs_vs_free2d,secondary,76,-0.0019318875932475394,-0.020096871970865127,0.015563466939366503,0.8371162883711629,0.9793475195767166,-0.039337406298761146,-0.06155884099779147,-0.017245099489005423,0.0006999300069993001,0.06171604714672405,-0.014659743863530335,0,
SEUMLD_OADNet_audio,3.0,0.6,cs_vs_match,secondary,76,-0.012667382606150968,-0.032205609553998364,0.005424978818788026,0.19308069193080693,0.4894509433415307,0.03879481731465743,0.01826321419500824,0.06075295468919134,0.0004999500049995,0.03473215343972882,-0.022265648234402833,0,
SEUMLD_OADNet_audio,3.0,0.7,cs_vs_uni,primary,76,-0.007857064717795284,-0.022660584170045392,0.006567375034737696,0.30056994300569945,0.6825306867086972,-0.0017459343139702075,-0.021069780071531177,0.01794802352175763,0.8633136686331366,0.032806032554600614,-0.013263376705136934,0,0.6011398860113989
SEUMLD_OADNet_audio,3.0,0.7,cs_vs_free2d,secondary,76,-0.0014454860623777457,-0.016270711781181335,0.012531191197822884,0.8442155784421558,0.8187163829057592,-0.03912421681772224,-0.06156597088344035,-0.01685349196932304,0.0007999200079992001,0.04759774143760439,-0.009827039697040341,0,
SEUMLD_OADNet_audio,3.0,0.7,cs_vs_match,secondary,76,-0.010266495464574426,-0.024937435844880344,0.003742279064320119,0.16798320167983202,0.44815934617535325,0.01286902305889954,-0.0054313637858840235,0.03184459019429329,0.18388161183881613,0.027606738880790196,-0.014769248624938136,0,
SEUMLD_OADNet_audio,3.0,0.8,cs_vs_uni,secondary,76,-0.006977216929795715,-0.018261489693886017,0.004210987751552417,0.22797720227977203,0.44149943287808036,-0.009869134213179786,-0.026461112952570403,0.0070176251660537346,0.2616738326167383,0.027223260850266325,-0.009755303557824044,0,
SEUMLD_OADNet_audio,3.0,0.8,cs_vs_free2d,secondary,76,-0.006137303421374129,-0.01732362760968035,0.004945352565352189,0.27817218278172184,0.335187962308386,-0.02979442175565229,-0.04777688252480494,-0.011844997056717951,0.0017998200179982,0.03357296428739189,-0.008271018943646619,0,
SEUMLD_OADNet_audio,3.0,0.8,cs_vs_match,secondary,76,-0.005136213424703408,-0.015318886376485536,0.004747436650398872,0.32326767323267674,0.5398866258332629,-0.009404565909643819,-0.025426815411041415,0.006878384111016775,0.25377462253774624,0.026137399201470193,-0.008857109890450562,0,
SEUMLD_OADNet_audio,2.0,0.6,cs_vs_uni,secondary,76,0.009045075891403562,-0.0003519005700153924,0.018485091912931177,0.06189381061893811,0.08469573156696239,-0.008415316038850196,-0.02437755453053598,0.008787860586362843,0.32966703329667035,0.036224445539077714,-0.011485855814124526,0,
SEUMLD_OADNet_audio,2.0,0.7,cs_vs_uni,secondary,76,0.0032134818349871925,-0.004309707793932061,0.010538013743256407,0.40435956404359563,0.42076591548775055,-0.006410401844595032,-0.019947160847920902,0.007771415037814399,0.38866113388661133,0.02400907447767407,-0.008795195860194678,0,
SEUMLD_OADNet_audio,2.0,0.8,cs_vs_uni,secondary,76,0.0021726968978794253,-0.0042836365570785954,0.00854416403966028,0.5026497350264973,0.4731006363456757,-0.014569994277537399,-0.027891245778069226,-0.001851543646669812,0.0337966203379662,0.02122033764559158,-0.0058813218044717255,0,
SEUMLD_OADNet_audio,5.0,0.6,cs_vs_uni,secondary,76,-0.04657575702177289,-0.0835659958543379,-0.011729735527642015,0.0096990300969903,0.09244487922139907,-0.01989768891047773,-0.046459988075598806,0.008622287323598005,0.16268373162683733,0.07289284980222736,-0.021903952473752278,0,
SEUMLD_OADNet_audio,5.0,0.7,cs_vs_uni,secondary,76,-0.05406235292121551,-0.08776808390980552,-0.02204878452343381,0.0016998300169983002,0.019184259856256228,-0.00010066119333432266,-0.027723123810798174,0.027182206897007642,0.9934006599340066,0.04720746047650073,-0.020243896560209817,0,
SEUMLD_OADNet_audio,5.0,0.8,cs_vs_uni,secondary,76,-0.03869255930253535,-0.06291743488487579,-0.016169508017926184,0.0017998200179982,0.02332853572917948,-0.024200033164348017,-0.04783076159745566,-0.000984942383112776,0.048095190480951906,0.04118847721414383,-0.013556203986901036,0,
SEUMLD_OADNet_audio,10.0,0.6,cs_vs_uni,secondary,76,-0.23076340967085854,-0.32563280290544505,-0.14453903672103374,9.999000099990002e-05,0.00018167271947834587,0.004914763162462047,-0.028025272294100092,0.038274419801008895,0.7696230376962304,0.07529587308883885,-0.030851666434092845,0,
SEUMLD_OADNet_audio,10.0,0.7,cs_vs_uni,secondary,76,-0.19935974760046835,-0.2856420805122218,-0.11900479286091142,9.999000099990002e-05,0.00024762245278750077,-0.01379747900612836,-0.047088946128731254,0.0195052051234901,0.41995800419958,0.06932974385255246,-0.026179075194995672,0,
SEUMLD_OADNet_audio,10.0,0.8,cs_vs_uni,secondary,76,-0.13676570503379676,-0.1990916748545565,-0.07963472315001818,9.999000099990002e-05,0.0005432262473143818,-0.034825446295761564,-0.06328754445013207,-0.006403938942802942,0.0170982901709829,0.05537479820810971,-0.017472778009402567,0,
SEUMLD_OADNet_text,3.0,0.6,cs_vs_uni,secondary,76,-0.011360265413697519,-0.029575483960908772,0.006742535983798314,0.22397760223977603,0.36234847410711557,0.05405279185189297,0.039590770007661265,0.06847424942458447,9.999000099990002e-05,0.02821927903697416,-0.022201980125539388,0,
SEUMLD_OADNet_text,3.0,0.6,cs_vs_free2d,secondary,76,-0.0160408539008686,-0.03956304013305283,0.007114412083735402,0.18818118188181182,0.40369618381487626,-0.0006858962664982177,-0.01960646651052373,0.01798547490818862,0.9426057394260574,0.05586846690557831,-0.023855457557732607,0,
SEUMLD_OADNet_text,3.0,0.6,cs_vs_match,secondary,76,-0.03573377085742427,-0.06285472961421595,-0.008348422336953322,0.011998800119988001,0.04455591656506579,0.13261869018165023,0.11299679978264131,0.15186248579562145,9.999000099990002e-05,0.0167590049753157,-0.03960070697452169,0,
SEUMLD_OADNet_text,3.0,0.7,cs_vs_uni,primary,76,0.0008228245245674237,-0.01354442421028748,0.015046781819661742,0.9158084191580842,0.7856600255359429,0.008228415510037284,-0.010747091367712206,0.026760250730392274,0.3862613738626137,0.03342440065625419,-0.012238594628901799,0,0.9158084191580842
SEUMLD_OADNet_text,3.0,0.7,cs_vs_free2d,secondary,76,-0.002644387455578294,-0.013811561388108,0.008846630172056464,0.6565343465653435,0.7274507688533047,-0.015128384319029912,-0.030549679716593926,0.0002315761015086019,0.057894210578942104,0.03281998628434167,-0.009300060526801672,0,
SEUMLD_OADNet_text,3.0,0.7,cs_vs_match,secondary,76,-0.01638900240157062,-0.036299925115065815,0.0028717203086338385,0.1151884811518848,0.22454613888380115,0.07749132340483515,0.062262105680618386,0.09270867482557019,9.999000099990002e-05,0.020335815333758868,-0.025156826479249026,0,
SEUMLD_OADNet_text,3.0,0.8,cs_vs_uni,secondary,76,-0.010768185452774354,-0.026700507162900042,0.003646911368516536,0.17218278172182783,0.9184721935250016,0.01297952904910006,-0.0019068337071737008,0.02793940125139421,0.098990100989901,0.019782739749054843,-0.012346896575459745,0,
SEUMLD_OADNet_text,3.0,0.8,cs_vs_free2d,secondary,76,-0.0022748682999406797,-0.012369306053089174,0.006962867955565979,0.6591340865913409,0.2965847527168711,-0.007659191459322728,-0.019430295981662626,0.0035338275707445747,0.1932806719328067,0.01841344879485622,-0.005619573788378515,0,
SEUMLD_OADNet_text,3.0,0.8,cs_vs_match,secondary,76,-0.007446881201775119,-0.02166997224710524,0.005701194850598026,0.31566843315668436,0.7064806575829699,0.023648940713592942,0.010467795200231141,0.03663386600714988,0.0008999100089991,0.016185522707323045,-0.011818958088631546,0,
SEUMLD_OADNet_text,2.0,0.6,cs_vs_uni,secondary,76,0.002290915176826822,-0.006391982796347232,0.011158999606395194,0.6204379562043796,0.5900769178862728,0.02381143398558769,0.012477929067609602,0.035062192781195885,9.999000099990002e-05,0.01939343196543155,-0.014504116890699291,0,
SEUMLD_OADNet_text,2.0,0.7,cs_vs_uni,secondary,76,0.010921918992268305,0.0022747952828729586,0.019698211475100137,0.0170982901709829,0.03934087190855175,0.017073695813886423,0.000539517429110308,0.03314323110866665,0.0463953604639536,0.020034324144801025,-0.008824626529737967,0,
SEUMLD_OADNet_text,2.0,0.8,cs_vs_uni,secondary,76,7.978203345611664e-05,-0.007773139078404693,0.007569482013296669,0.9847015298470153,0.17897638614251288,0.01744047816703311,0.00570994265203414,0.029585117973534813,0.0040995900409959,0.01096628519480502,-0.009803371122432732,0,
SEUMLD_OADNet_text,5.0,0.6,cs_vs_uni,secondary,76,-0.07611329233387368,-0.11664468936376715,-0.03752430803628551,0.00029997000299970003,0.0028495360001152435,0.0772621489564121,0.05464689135200849,0.09907441660494307,9.999000099990002e-05,0.04119369136472423,-0.031187611635360796,0,
SEUMLD_OADNet_text,5.0,0.7,cs_vs_uni,secondary,76,-0.0353657512790354,-0.06260959049171465,-0.009439019013840507,0.011898810118988102,0.04161945407438149,0.011415108477343899,-0.010584393696973698,0.03251987433363988,0.30196980301969806,0.04539344684248051,-0.01729335047203757,0,
SEUMLD_OADNet_text,5.0,0.8,cs_vs_uni,secondary,76,-0.043211676757718274,-0.07580794181449194,-0.01503748640162202,0.0044995500449955,0.11885330150380424,0.01931557652996672,0.0017043048134352825,0.036461385320343535,0.032296770322967704,0.027603853072616286,-0.01609466361906358,0,
SEUMLD_OADNet_text,10.0,0.6,cs_vs_uni,secondary,76,-0.3110849518749515,-0.4274125034438403,-0.20248777687841435,9.999000099990002e-05,1.0488560357341784e-06,0.0995115857430834,0.06354021595991285,0.13464703057013397,9.999000099990002e-05,0.061316509991778644,-0.04221572547382719,0,
SEUMLD_OADNet_text,10.0,0.7,cs_vs_uni,secondary,76,-0.1951848285646108,-0.2781332816557829,-0.11962834527792776,9.999000099990002e-05,5.625481465311514e-05,0.0370560735709364,0.011898792629889892,0.062069203968774495,0.005599440055994401,0.05652062020697008,-0.02702334855570491,0,
SEUMLD_OADNet_text,10.0,0.8,cs_vs_uni,secondary,76,-0.14057796927070523,-0.21502640366864534,-0.07370194710803252,9.999000099990002e-05,0.003026406401095653,-0.0006988388445171746,-0.02229815838631689,0.02029392319544291,0.9461053894610539,0.05102332757141321,-0.019125187741985985,0,
