source,r,B,arm,n_runs,mean_cost,mean_reject_rate,mean_fp_per_sample,mean_fn_per_sample,budget_violation_rate,selection_feasible_rate,degenerate_run_rate,mode_alpha_truth,mode_alpha_lie,mean_cost_decomp_residual
CrossCultural,2.0,0.6,cs,25,0.398781512605042,0.5266386554621848,0.06907563025210084,0.03319327731092437,0.2,1.0,0.0,0.15,0.075,0.0
CrossCultural,2.0,0.6,uni,25,0.411638655462185,0.5432773109243698,0.04773109243697479,0.04613445378151261,0.2,1.0,0.0,0.1,0.1,0.0
CrossCultural,2.0,0.7,cs,25,0.4107563025210084,0.6431932773109245,0.04546218487394959,0.02184873949579832,0.12,1.0,0.0,0.1,0.05,0.0
CrossCultural,2.0,0.7,uni,25,0.4199579831932773,0.6447899159663865,0.03336134453781513,0.03210084033613445,0.2,1.0,0.0,0.075,0.075,0.0
CrossCultural,2.0,0.8,cs,25,0.42289915966386554,0.7288235294117648,0.029747899159663867,0.014369747899159664,0.04,1.0,0.0,0.05,0.025,0.0
CrossCultural,2.0,0.8,uni,25,0.4289915966386555,0.7085714285714286,0.0246218487394958,0.02504201680672269,0.04,1.0,0.0,0.05,0.05,0.0
CrossCultural,3.0,0.6,cs,25,0.42079831932773104,0.5197478991596638,0.08252100840336134,0.026134453781512607,0.04,1.0,0.0,0.15,0.049999999999999996,0.0
CrossCultural,3.0,0.6,free2d,25,0.46575630252100836,0.5733613445378151,0.04218487394957982,0.04563025210084033,0.32,1.0,0.0,0.1,0.1,0.0
CrossCultural,3.0,0.6,match,25,0.46432773109243697,0.5029411764705882,0.0565546218487395,0.052100840336134456,0.04,0.96,0.0,0.1,0.1,0.0
CrossCultural,3.0,0.6,uni,25,0.4577731092436975,0.5432773109243698,0.04773109243697479,0.04613445378151261,0.2,1.0,0.0,0.1,0.1,0.0
CrossCultural,3.0,0.7,cs,25,0.422310924369748,0.6350420168067227,0.054873949579831945,0.016638655462184876,0.28,1.0,0.0,0.1,0.03333333333333333,0.0
CrossCultural,3.0,0.7,free2d,25,0.4512605042016807,0.6663865546218487,0.030840336134453784,0.02907563025210084,0.2,1.0,0.0,0.05,0.05,0.0
CrossCultural,3.0,0.7,match,25,0.4553781512605042,0.6181512605042017,0.03714285714285714,0.03638655462184874,0.16,1.0,0.0,0.075,0.075,0.0
CrossCultural,3.0,0.7,uni,25,0.45205882352941174,0.6447899159663865,0.03336134453781513,0.03210084033613445,0.2,1.0,0.0,0.075,0.075,0.0
CrossCultural,3.0,0.8,cs,25,0.4336974789915966,0.7485714285714287,0.03092436974789916,0.009495798319327732,0.16,1.0,0.0,0.05,0.016666666666666666,0.0
CrossCultural,3.0,0.8,free2d,25,0.4540336134453781,0.7085714285714286,0.0246218487394958,0.02504201680672269,0.04,1.0,0.0,0.05,0.05,0.0
CrossCultural,3.0,0.8,match,25,0.4534453781512605,0.7050420168067226,0.025294117647058828,0.025210084033613446,0.04,1.0,0.0,0.05,0.05,0.0
CrossCultural,3.0,0.8,uni,25,0.4540336134453781,0.7085714285714286,0.0246218487394958,0.02504201680672269,0.04,1.0,0.0,0.05,0.05,0.0
CrossCultural,5.0,0.6,cs,25,0.44432773109243695,0.5340336134453783,0.09201680672268908,0.017058823529411765,0.2,1.0,0.0,0.2,0.04,0.0
CrossCultural,5.0,0.6,uni,25,0.5500420168067227,0.5432773109243698,0.04773109243697479,0.04613445378151261,0.2,1.0,0.0,0.1,0.1,0.0
CrossCultural,5.0,0.7,cs,25,0.434327731092437,0.6426050420168068,0.06050420168067227,0.01050420168067227,0.28,1.0,0.0,0.1,0.02,0.0
CrossCultural,5.0,0.7,uni,25,0.5162605042016807,0.6447899159663865,0.03336134453781513,0.03210084033613445,0.2,1.0,0.0,0.075,0.075,0.0
CrossCultural,5.0,0.8,cs,25,0.4388235294117647,0.7450420168067226,0.03899159663865546,0.00546218487394958,0.32,1.0,0.0,0.05,0.01,0.0
CrossCultural,5.0,0.8,uni,25,0.5041176470588234,0.7085714285714286,0.0246218487394958,0.02504201680672269,0.04,1.0,0.0,0.05,0.05,0.0
CrossCultural,10.0,0.6,cs,25,0.4666806722689076,0.536890756302521,0.10663865546218487,0.00915966386554622,0.12,1.0,0.0,0.2,0.02,0.0
CrossCultural,10.0,0.6,uni,25,0.7807142857142858,0.5432773109243698,0.04773109243697479,0.04613445378151261,0.2,1.0,0.0,0.1,0.1,0.0
CrossCultural,10.0,0.7,cs,25,0.4547478991596639,0.6294957983193278,0.07529411764705882,0.006470588235294118,0.24,1.0,0.0,0.15,0.015,0.0
CrossCultural,10.0,0.7,uni,25,0.676764705882353,0.6447899159663865,0.03336134453781513,0.03210084033613445,0.2,1.0,0.0,0.075,0.075,0.0
CrossCultural,10.0,0.8,cs,25,0.4442016806722689,0.7100840336134455,0.05134453781512605,0.0037815126050420172,0.0,1.0,0.0,0.1,0.01,0.0
CrossCultural,10.0,0.8,uni,25,0.629327731092437,0.7085714285714286,0.0246218487394958,0.02504201680672269,0.04,1.0,0.0,0.05,0.05,0.0
MDPE_OADNet_audio,2.0,0.6,cs,25,0.539270564324592,0.5841152858552995,0.16511181681135378,0.04105055229279417,0.4,1.0,0.0,0.25,0.125,0.0
MDPE_OADNet_audio,2.0,0.6,uni,25,0.547498317828739,0.5804273859336956,0.12439094451859592,0.06644684017164766,0.4,1.0,0.0,0.2,0.2,0.0
MDPE_OADNet_audio,2.0,0.7,cs,25,0.5280758289649665,0.6882627990480294,0.1222640802487135,0.0308401745961191,0.44,1.0,0.0,0.2,0.1,0.0
MDPE_OADNet_audio,2.0,0.7,uni,25,0.5352746410821583,0.6732550149982006,0.09811091383889316,0.050268109872082405,0.36,1.0,0.0,0.15,0.15,0.0
MDPE_OADNet_audio,2.0,0.8,cs,25,0.5203570842781308,0.7646176710395077,0.09264204022373859,0.022703104267319106,0.28,1.0,0.0,0.15,0.075,0.0
MDPE_OADNet_audio,2.0,0.8,uni,25,0.5208797660848954,0.7800391310746774,0.06749439637072452,0.031682902088416086,0.44,1.0,0.0,0.1,0.1,0.0
MDPE_OADNet_audio,3.0,0.6,cs,25,0.5643134738670565,0.5971128954545768,0.17970809942008445,0.02868297557322792,0.48,0.8,0.0,0.3,0.09999999999999999,0.0
MDPE_OADNet_audio,3.0,0.6,free2d,25,0.5946824356639854,0.6166779422759896,0.1286080830241466,0.05257846050061467,0.6,1.0,0.0,0.25,0.075,0.0
MDPE_OADNet_audio,3.0,0.6,match,25,0.6131425168440839,0.5813176738106522,0.12436305090876835,0.06604020967666313,0.4,0.92,0.0,0.2,0.2,0.0
MDPE_OADNet_audio,3.0,0.6,uni,25,0.6139451580003867,0.5804273859336956,0.12439094451859592,0.06644684017164766,0.4,1.0,0.0,0.2,0.2,0.0
MDPE_OADNet_audio,3.0,0.7,cs,25,0.5490837821803785,0.6909379663032964,0.13579343844135663,0.022607120195791253,0.4,1.0,0.0,0.2,0.06666666666666667,0.0
MDPE_OADNet_audio,3.0,0.7,free2d,25,0.5728718124777292,0.6962975422918083,0.10201524106750258,0.040902600088107546,0.48,1.0,0.0,0.15,0.075,0.0
MDPE_OADNet_audio,3.0,0.7,match,25,0.597060585979931,0.6386488468884564,0.1072236607155928,0.05683750060670331,0.2,1.0,0.0,0.15,0.15,0.0
MDPE_OADNet_audio,3.0,0.7,uni,25,0.5855427509542408,0.6732550149982006,0.09811091383889316,0.050268109872082405,0.36,1.0,0.0,0.15,0.15,0.0
MDPE_OADNet_audio,3.0,0.8,cs,25,0.5394881246255399,0.7590556396520911,0.10261502744195865,0.019115092452511882,0.28,1.0,0.0,0.15,0.049999999999999996,0.0
MDPE_OADNet_audio,3.0,0.8,free2d,25,0.5449196508325042,0.8033623058131889,0.06197280090824257,0.027088565672555718,0.52,1.0,0.0,0.1,0.075,0.0
MDPE_OADNet_audio,3.0,0.8,match,25,0.5575713555770456,0.7543222559103212,0.07654432311477953,0.03462196816903519,0.28,1.0,0.0,0.1,0.1,0.0
MDPE_OADNet_audio,3.0,0.8,uni,25,0.5525626681733115,0.7800391310746774,0.06749439637072452,0.031682902088416086,0.44,1.0,0.0,0.1,0.1,0.0
MDPE_OADNet_audio,5.0,0.6,cs,25,0.5925625875029057,0.6188049943816284,0.18608005178493658,0.019416007705430977,0.68,0.44,0.0,0.3,0.06,0.0
MDPE_OADNet_audio,5.0,0.6,uni,25,0.746838838343682,0.5804273859336956,0.12439094451859592,0.06644684017164766,0.4,1.0,0.0,0.2,0.2,0.0
MDPE_OADNet_audio,5.0,0.7,cs,25,0.5842367884761959,0.6678366815727018,0.15866452643183115,0.01833078425160276,0.4,1.0,0.0,0.25,0.05,0.0
MDPE_OADNet_audio,5.0,0.7,uni,25,0.6860789706984056,0.6732550149982006,0.09811091383889316,0.050268109872082405,0.36,1.0,0.0,0.15,0.15,0.0
MDPE_OADNet_audio,5.0,0.8,cs,25,0.5627192150494256,0.7590162515661398,0.11255310968383428,0.014131595916504265,0.28,1.0,0.0,0.2,0.04,0.0
MDPE_OADNet_audio,5.0,0.8,uni,25,0.6159284723501437,0.7800391310746774,0.06749439637072452,0.031682902088416086,0.44,1.0,0.0,0.1,0.1,0.0
MDPE_OADNet_audio,10.0,0.6,cs,25,0.6345975978198516,0.6423383445480145,0.18608005178493658,0.01273483737609077,0.8,0.12,0.0,0.3,0.03,0.0
MDPE_OADNet_audio,10.0,0.6,uni,25,1.0790730392019203,0.5804273859336956,0.12439094451859592,0.06644684017164766,0.4,1.0,0.0,0.2,0.2,0.0
MDPE_OADNet_audio,10.0,0.7,cs,25,0.62504102515395,0.6680315201389003,0.17186559112448627,0.011915967396001361,0.4,1.0,0.0,0.3,0.03,0.0
MDPE_OADNet_audio,10.0,0.7,uni,25,0.9374195200588176,0.6732550149982006,0.09811091383889316,0.050268109872082405,0.36,1.0,0.0,0.15,0.15,0.0
MDPE_OADNet_audio,10.0,0.8,cs,25,0.5894418245033415,0.7672081208634638,0.11887092122696215,0.008696684284464738,0.28,1.0,0.0,0.2,0.02,0.0
MDPE_OADNet_audio,10.0,0.8,uni,25,0.7743429827922241,0.7800391310746774,0.06749439637072452,0.031682902088416086,0.44,1.0,0.0,0.1,0.1,0.0
MDPE_OADNet_text,2.0,0.6,cs,25,0.4695029836503716,0.5186062917803114,0.1277317239623456,0.04123405689893517,0.04,1.0,0.0,0.2,0.1,0.0
MDPE_OADNet_text,2.0,0.6,uni,25,0.47305035747763013,0.5274397102892221,0.0947350504490553,0.05729772594198189,0.04,1.0,0.0,0.15,0.15,0.0
MDPE_OADNet_text,2.0,0.7,cs,25,0.46160954459664155,0.6178448325311241,0.09327894766532939,0.029704090332875063,0.08,1.0,0.0,0.15,0.075,0.0
MDPE_OADNet_text,2.0,0.7,uni,25,0.465846364825534,0.6418129938137088,0.06341393827498487,0.040762964821847374,0.12,1.0,0.0,0.1,0.1,0.0
MDPE_OADNet_text,2.0,0.8,cs,25,0.4602842255511144,0.7515369590665268,0.05048519914033491,0.017015273438758055,0.12,1.0,0.0,0.075,0.0375,0.0
MDPE_OADNet_text,2.0,0.8,uni,25,0.46033214537011247,0.7451987263127461,0.039086837604215344,0.024322972304762054,0.12,1.0,0.0,0.05,0.05,0.0
MDPE_OADNet_text,3.0,0.6,cs,25,0.49393293908855496,0.5431130881769495,0.1340494873609629,0.029442302546372444,0.16,1.0,0.0,0.2,0.06666666666666667,0.0
MDPE_OADNet_text,3.0,0.6,free2d,25,0.5180696363128621,0.5662133260994918,0.09129456320846399,0.04788947001821739,0.24,1.0,0.0,0.15,0.1,0.0
MDPE_OADNet_text,3.0,0.6,match,25,0.5367773735769482,0.49913810418834975,0.10280821084730668,0.06146670354515558,0.0,1.0,0.0,0.15,0.15,0.0
MDPE_OADNet_text,3.0,0.6,uni,25,0.5303480834196119,0.5274397102892221,0.0947350504490553,0.05729772594198189,0.04,1.0,0.0,0.15,0.15,0.0
MDPE_OADNet_text,3.0,0.7,cs,25,0.48397076453977617,0.640958113389209,0.09631399781747635,0.022392570009231793,0.08,1.0,0.0,0.15,0.049999999999999996,0.0
MDPE_OADNet_text,3.0,0.7,free2d,25,0.5034154267857253,0.6645244007925968,0.056323908782503054,0.03827643920230793,0.28,1.0,0.0,0.075,0.1,0.0
MDPE_OADNet_text,3.0,0.7,match,25,0.5087215427282635,0.6312181179731438,0.06506820778172817,0.042681425319987795,0.04,1.0,0.0,0.1,0.1,0.0
MDPE_OADNet_text,3.0,0.7,uni,25,0.5066093296473814,0.6418129938137088,0.06341393827498487,0.040762964821847374,0.12,1.0,0.0,0.1,0.1,0.0
MDPE_OADNet_text,3.0,0.8,cs,25,0.47329484849819436,0.7572717047103146,0.055788832547783995,0.012956721198417691,0.2,1.0,0.0,0.075,0.024999999999999998,0.0
MDPE_OADNet_text,3.0,0.8,free2d,25,0.48340487695232176,0.7539297814478396,0.036892121945694724,0.023182621427569064,0.12,1.0,0.0,0.05,0.05,0.0
MDPE_OADNet_text,3.0,0.8,match,25,0.48661279883565745,0.7334380232107263,0.041535242771426485,0.026119514819622623,0.04,0.92,0.0,0.05,0.05,0.0
MDPE_OADNet_text,3.0,0.8,uni,25,0.48465511767487457,0.7451987263127461,0.039086837604215344,0.024322972304762054,0.12,1.0,0.0,0.05,0.05,0.0
MDPE_OADNet_text,5.0,0.6,cs,25,0.5326133632089094,0.5371614633687903,0.15381383647666472,0.022043759009569893,0.12,1.0,0.0,0.25,0.05,0.0
MDPE_OADNet_text,5.0,0.6,uni,25,0.6449435353035758,0.5274397102892221,0.0947350504490553,0.05729772594198189,0.04,1.0,0.0,0.15,0.15,0.0
MDPE_OADNet_text,5.0,0.7,cs,25,0.508870921381602,0.6437514945932375,0.1099592112902362,0.015407192558949394,0.2,1.0,0.0,0.15,0.03,0.0
MDPE_OADNet_text,5.0,0.7,uni,25,0.5881352592910761,0.6418129938137088,0.06341393827498487,0.040762964821847374,0.12,1.0,0.0,0.1,0.1,0.0
MDPE_OADNet_text,5.0,0.8,cs,25,0.4886555063979827,0.7509774618123309,0.06910551014851231,0.008812253068661,0.24,1.0,0.0,0.1,0.02,0.0
MDPE_OADNet_text,5.0,0.8,uni,25,0.5333010622843987,0.7451987263127461,0.039086837604215344,0.024322972304762054,0.12,1.0,0.0,0.05,0.05,0.0
MDPE_OADNet_text,10.0,0.6,cs,25,0.5691814290931978,0.5515599738951598,0.1678145172627246,0.012558692488289336,0.12,1.0,0.0,0.25,0.025,0.0
MDPE_OADNet_text,10.0,0.6,uni,25,0.931432165013485,0.5274397102892221,0.0947350504490553,0.05729772594198189,0.04,1.0,0.0,0.15,0.15,0.0
MDPE_OADNet_text,10.0,0.7,cs,25,0.5299461515505068,0.6439849184588692,0.12860983169050244,0.007934386063056978,0.12,1.0,0.0,0.2,0.02,0.0
MDPE_OADNet_text,10.0,0.7,uni,25,0.7919500834003129,0.6418129938137088,0.06341393827498487,0.040762964821847374,0.12,1.0,0.0,0.1,0.1,0.0
MDPE_OADNet_text,10.0,0.8,cs,25,0.5133188879698476,0.7412641994862743,0.08697189255431845,0.0055714895672392,0.12,1.0,0.0,0.15,0.015,0.0
MDPE_OADNet_text,10.0,0.8,uni,25,0.654915923808209,0.7451987263127461,0.039086837604215344,0.024322972304762054,0.12,1.0,0.0,0.05,0.05,0.0
OpenDeception,2.0,0.6,cs,25,0.48985453922900846,0.5163912021803625,0.1164080850184468,0.057625426560190214,0.08,1.0,0.0,0.2,0.1,0.0
OpenDeception,2.0,0.6,uni,25,0.5134446663401979,0.5251063620840339,0.08766256736201763,0.08161445896808166,0.12,1.0,0.0,0.15,0.15,0.0
OpenDeception,2.0,0.7,cs,25,0.485059150353479,0.6304503983041543,0.08582866250130865,0.04200264435004661,0.08,1.0,0.0,0.15,0.075,0.0
OpenDeception,2.0,0.7,uni,25,0.5040594044320376,0.6051689034906577,0.07113573013255688,0.06516961127707593,0.12,1.0,0.0,0.15,0.15,0.0
OpenDeception,2.0,0.8,cs,25,0.4794866072998274,0.7321607069099385,0.05880891606495408,0.02729866888995208,0.08,1.0,0.0,0.1,0.05,0.0
OpenDeception,2.0,0.8,uni,25,0.4949060636989724,0.7419816440969914,0.0421299371514806,0.04089265224949799,0.04,1.0,0.0,0.075,0.075,0.0
OpenDeception,3.0,0.6,cs,25,0.5217755075083735,0.5276765796229642,0.12757673306413186,0.04345349487758651,0.12,1.0,0.0,0.25,0.08333333333333333,0.0
OpenDeception,3.0,0.6,free2d,25,0.5755687104977987,0.5629574943528679,0.08622373190693836,0.06928874380480879,0.12,1.0,0.0,0.2,0.1,0.0
OpenDeception,3.0,0.6,match,25,0.583686959449372,0.5602406468051444,0.08053913621677868,0.07434249994334038,0.16,0.72,0.0,0.15,0.15,0.0
OpenDeception,3.0,0.6,uni,25,0.5950591253082796,0.5251063620840339,0.08766256736201763,0.08161445896808166,0.12,1.0,0.0,0.15,0.15,0.0
OpenDeception,3.0,0.7,cs,25,0.5057795233350869,0.6223606029198743,0.10172382820493571,0.030958464556738004,0.08,1.0,0.0,0.2,0.06666666666666667,0.0
OpenDeception,3.0,0.7,free2d,25,0.5548119936874165,0.6667547091779743,0.05869405070560757,0.05424686279760729,0.2,1.0,0.0,0.15,0.15,0.0
OpenDeception,3.0,0.7,match,25,0.5768923060880173,0.5843002090202415,0.07470889150540577,0.07001110335749691,0.08,1.0,0.0,0.15,0.15,0.0
OpenDeception,3.0,0.7,uni,25,0.5692290157091136,0.6051689034906577,0.07113573013255688,0.06516961127707593,0.12,1.0,0.0,0.15,0.15,0.0
OpenDeception,3.0,0.8,cs,25,0.49671256701916733,0.7191110350194646,0.07208559040120954,0.02169048636940853,0.12,1.0,0.0,0.15,0.049999999999999996,0.0
OpenDeception,3.0,0.8,free2d,25,0.5260226065202367,0.7652803208470281,0.04139359171416259,0.03399628479418672,0.2,1.0,0.0,0.075,0.075,0.0
OpenDeception,3.0,0.8,match,25,0.5438088293878918,0.7044323523074738,0.04985022556081465,0.04724747589111339,0.04,1.0,0.0,0.1,0.1,0.0
OpenDeception,3.0,0.8,uni,25,0.5357987159484704,0.7419816440969914,0.0421299371514806,0.04089265224949799,0.04,1.0,0.0,0.075,0.075,0.0
OpenDeception,5.0,0.6,cs,25,0.5548517928281204,0.5234125358847557,0.14820096139218758,0.02898891269871099,0.08,1.0,0.0,0.3,0.06,0.0
OpenDeception,5.0,0.6,uni,25,0.7582880432444429,0.5251063620840339,0.08766256736201763,0.08161445896808166,0.12,1.0,0.0,0.15,0.15,0.0
OpenDeception,5.0,0.7,cs,25,0.5327793652761469,0.6328837923960379,0.10857016228018793,0.021553461359588025,0.08,1.0,0.0,0.2,0.04,0.0
OpenDeception,5.0,0.7,uni,25,0.6995682382632654,0.6051689034906577,0.07113573013255688,0.06516961127707593,0.12,1.0,0.0,0.15,0.15,0.0
OpenDeception,5.0,0.8,cs,25,0.5144729970136014,0.7272324892496659,0.07649829530304221,0.014871691417145245,0.04,1.0,0.0,0.15,0.03,0.0
OpenDeception,5.0,0.8,uni,25,0.6175840204474664,0.7419816440969914,0.0421299371514806,0.04089265224949799,0.04,1.0,0.0,0.075,0.075,0.0
OpenDeception,10.0,0.6,cs,25,0.581030749661685,0.5482358392666279,0.15491359375965394,0.015199923626871703,0.12,0.88,0.0,0.3,0.03,0.0
OpenDeception,10.0,0.6,uni,25,1.1663603380848513,0.5251063620840339,0.08766256736201763,0.08161445896808166,0.12,1.0,0.0,0.15,0.15,0.0
OpenDeception,10.0,0.7,cs,25,0.5530069028391106,0.6300494107636309,0.12283771319421684,0.011514448426307828,0.08,1.0,0.0,0.25,0.025,0.0
OpenDeception,10.0,0.7,uni,25,1.0254162946486451,0.6051689034906577,0.07113573013255688,0.06516961127707593,0.12,1.0,0.0,0.15,0.15,0.0
OpenDeception,10.0,0.8,cs,25,0.5258581370152414,0.7363616408014689,0.08175232919123428,0.007592498742327261,0.08,1.0,0.0,0.15,0.015,0.0
OpenDeception,10.0,0.8,uni,25,0.8220472816949562,0.7419816440969914,0.0421299371514806,0.04089265224949799,0.04,1.0,0.0,0.075,0.075,0.0
SEUMLD_OADNet_audio,2.0,0.6,cs,25,0.518783705627042,0.6570304364088405,0.13524712855037774,0.027510679436121968,0.64,1.0,0.0,0.25,0.125,0.0
SEUMLD_OADNet_audio,2.0,0.6,uni,25,0.5098810903127686,0.6665753199071256,0.09952459899295564,0.03853441568312515,0.68,1.0,0.0,0.2,0.2,0.0
SEUMLD_OADNet_audio,2.0,0.7,cs,25,0.5111177034150617,0.7330351161183192,0.0982647564732706,0.023167694441315754,0.6,1.0,0.0,0.2,0.1,0.0
SEUMLD_OADNet_audio,2.0,0.7,uni,25,0.5075509085340678,0.7411320217890892,0.07420469795115024,0.0313900998441865,0.64,1.0,0.0,0.15,0.15,0.0
SEUMLD_OADNet_audio,2.0,0.8,cs,25,0.5066731704194936,0.815284930074164,0.06688301780978896,0.016073843786311288,0.6,1.0,0.0,0.15,0.075,0.0
SEUMLD_OADNet_audio,2.0,0.8,uni,25,0.5044597448023498,0.829059480281368,0.04558534071769892,0.022172331971983438,0.64,1.0,0.0,0.075,0.075,0.0
SEUMLD_OADNet_audio,3.0,0.6,cs,25,0.5452383921546453,0.6585041402402028,0.14979811063829085,0.02206273713208432,0.64,1.0,0.0,0.25,0.08333333333333333,0.0
SEUMLD_OADNet_audio,3.0,0.6,free2d,25,0.5466396102704948,0.6981421600894874,0.08735716016193644,0.03673712335460486,0.84,1.0,0.0,0.075,0.1,0.0
SEUMLD_OADNet_audio,3.0,0.6,match,25,0.5572751316122226,0.6215739760514555,0.11564570014268964,0.043614147814601746,0.56,1.0,0.0,0.2,0.2,0.0
SEUMLD_OADNet_audio,3.0,0.6,uni,25,0.5484155059958938,0.6665753199071256,0.09952459899295564,0.03853441568312515,0.68,1.0,0.0,0.2,0.2,0.0
SEUMLD_OADNet_audio,3.0,0.7,cs,25,0.5318131875716532,0.7378929990490383,0.10696670997730148,0.018633326023277455,0.6,1.0,0.0,0.2,0.06666666666666667,0.0
SEUMLD_OADNet_audio,3.0,0.7,free2d,25,0.5330273947269047,0.7773949390012153,0.05989484797161044,0.028145025751562223,0.8,1.0,0.0,0.05,0.075,0.0
SEUMLD_OADNet_audio,3.0,0.7,match,25,0.5411477310273493,0.7270046578002223,0.07928279581731576,0.03278753543664077,0.6,0.96,0.0,0.15,0.15,0.0
SEUMLD_OADNet_audio,3.0,0.7,uni,25,0.5389410083782544,0.7411320217890892,0.07420469795115024,0.0313900998441865,0.64,1.0,0.0,0.15,0.15,0.0
SEUMLD_OADNet_audio,3.0,0.8,cs,25,0.5195615782031717,0.8203960695602922,0.0728395936870462,0.012174649911993131,0.56,1.0,0.0,0.15,0.049999999999999996,0.0
SEUMLD_OADNet_audio,3.0,0.8,free2d,25,0.5256669286909683,0.8488805083529624,0.03936789377881353,0.020619593578557863,0.8,1.0,0.0,0.05,0.075,0.0
SEUMLD_OADNet_audio,3.0,0.8,match,25,0.524879665981283,0.8288552668432291,0.04672679480648953,0.02124174591772629,0.68,0.88,0.0,0.1,0.1,0.0
SEUMLD_OADNet_audio,3.0,0.8,uni,25,0.5266320767743332,0.829059480281368,0.04558534071769892,0.022172331971983438,0.64,1.0,0.0,0.075,0.075,0.0
SEUMLD_OADNet_audio,5.0,0.6,cs,25,0.5808817074040307,0.6455576946401606,0.171689282907311,0.01728271543532789,0.56,0.76,0.0,0.3,0.06,0.0
SEUMLD_OADNet_audio,5.0,0.6,uni,25,0.6254843373621441,0.6665753199071256,0.09952459899295564,0.03853441568312515,0.68,1.0,0.0,0.2,0.2,0.0
SEUMLD_OADNet_audio,5.0,0.7,cs,25,0.5489898463898429,0.7404503538800133,0.12129063239795927,0.011494807410375386,0.72,1.0,0.0,0.2,0.04,0.0
SEUMLD_OADNet_audio,5.0,0.7,uni,25,0.6017212080666274,0.7411320217890892,0.07420469795115024,0.0313900998441865,0.64,1.0,0.0,0.15,0.15,0.0
SEUMLD_OADNet_audio,5.0,0.8,cs,25,0.531185307343927,0.8065618356787789,0.0869842163036075,0.008184034640186,0.48,1.0,0.0,0.15,0.03,0.0
SEUMLD_OADNet_audio,5.0,0.8,uni,25,0.5709767407183001,0.829059480281368,0.04558534071769892,0.022172331971983438,0.64,1.0,0.0,0.075,0.075,0.0
SEUMLD_OADNet_audio,10.0,0.6,cs,25,0.5900757222317988,0.6711273842941162,0.17425674803575827,0.008025528204898241,0.64,0.52,0.0,0.3,0.03,0.0
SEUMLD_OADNet_audio,10.0,0.6,uni,25,0.81815641577777,0.6665753199071256,0.09952459899295564,0.03853441568312515,0.68,1.0,0.0,0.2,0.2,0.0
SEUMLD_OADNet_audio,10.0,0.7,cs,25,0.5596936657271381,0.7284537744248658,0.14284554442151273,0.005262123409319252,0.64,1.0,0.0,0.2,0.02,0.0
SEUMLD_OADNet_audio,10.0,0.7,uni,25,0.7586717072875598,0.7411320217890892,0.07420469795115024,0.0313900998441865,0.64,1.0,0.0,0.15,0.15,0.0
SEUMLD_OADNet_audio,10.0,0.8,cs,25,0.5408512386861726,0.7964112520353501,0.10103517301108252,0.004161043965741488,0.4,1.0,0.0,0.2,0.02,0.0
SEUMLD_OADNet_audio,10.0,0.8,uni,25,0.6818384005782172,0.829059480281368,0.04558534071769892,0.022172331971983438,0.64,1.0,0.0,0.075,0.075,0.0
SEUMLD_OADNet_text,2.0,0.6,cs,25,0.4600545463711634,0.5659852540294079,0.10266633098729894,0.03719779418458028,0.36,0.88,0.0,0.2,0.1,0.0
SEUMLD_OADNet_text,2.0,0.6,uni,25,0.4571862953269777,0.5425894277749126,0.08278815712676069,0.051551712156380367,0.24,1.0,0.0,0.15,0.15,0.0
SEUMLD_OADNet_text,2.0,0.7,cs,25,0.4665190125844557,0.6645621923168783,0.07927319170952171,0.027482362358247404,0.2,1.0,0.0,0.15,0.075,0.0
SEUMLD_OADNet_text,2.0,0.7,uni,25,0.4558338948844199,0.6459590236006347,0.060355350465041084,0.03624951630953072,0.2,1.0,0.0,0.1,0.1,0.0
SEUMLD_OADNet_text,2.0,0.8,cs,25,0.4655746884434713,0.7553879180794687,0.05431531770051769,0.016782705851609608,0.24,1.0,0.0,0.1,0.05,0.0
SEUMLD_OADNet_text,2.0,0.8,uni,25,0.46509363160031725,0.7381956933809394,0.043693072562504084,0.026151356173671713,0.2,1.0,0.0,0.075,0.075,0.0
SEUMLD_OADNet_text,3.0,0.6,cs,25,0.49812684948803293,0.596606878534636,0.11150697839257734,0.029438810609379203,0.36,0.6,0.0,0.3,0.09999999999999999,0.0
SEUMLD_OADNet_text,3.0,0.6,free2d,25,0.5140030070153233,0.5952564509563605,0.057047773925327186,0.05310900253727196,0.4,1.0,0.0,0.075,0.2,0.0
SEUMLD_OADNet_text,3.0,0.6,match,25,0.5329108732910343,0.46435714323762206,0.09413831012973688,0.06886466384749543,0.2,1.0,0.0,0.25,0.25,0.0
SEUMLD_OADNet_text,3.0,0.6,uni,25,0.5087380074833581,0.5425894277749126,0.08278815712676069,0.051551712156380367,0.24,1.0,0.0,0.15,0.15,0.0
SEUMLD_OADNet_text,3.0,0.7,cs,25,0.4931937757672158,0.6560225040818334,0.09253890515909738,0.02421453952240055,0.2,1.0,0.0,0.2,0.06666666666666667,0.0
SEUMLD_OADNet_text,3.0,0.7,free2d,25,0.49549802437590734,0.669513434685468,0.06053514636554245,0.03340205355587696,0.24,1.0,0.0,0.15,0.05,0.0
SEUMLD_OADNet_text,3.0,0.7,match,25,0.5086170594986116,0.5786217627162086,0.0721466073353145,0.04905319026839762,0.2,0.96,0.0,0.15,0.15,0.0
SEUMLD_OADNet_text,3.0,0.7,uni,25,0.49208341119395066,0.6459590236006347,0.060355350465041084,0.03624951630953072,0.2,1.0,0.0,0.1,0.1,0.0
SEUMLD_OADNet_text,3.0,0.8,cs,25,0.48086575228899286,0.7509788963198027,0.06273262707714994,0.014214559017313834,0.28,1.0,0.0,0.1,0.03333333333333333,0.0
SEUMLD_OADNet_text,3.0,0.8,free2d,25,0.4834043896598557,0.7579598616650799,0.04498365380928112,0.019813601672678226,0.2,1.0,0.0,0.05,0.05,0.0
SEUMLD_OADNet_text,3.0,0.8,match,25,0.4879136539156937,0.7270836599662929,0.04719827948568962,0.0257245148156192,0.2,0.96,0.0,0.075,0.075,0.0
SEUMLD_OADNet_text,3.0,0.8,uni,25,0.491244987773989,0.7381956933809394,0.043693072562504084,0.026151356173671713,0.2,1.0,0.0,0.075,0.075,0.0
SEUMLD_OADNet_text,5.0,0.6,cs,25,0.5385475698113759,0.619149069777376,0.12481468188419342,0.020831670607698877,0.4,0.48,0.0,0.3,0.06,0.0
SEUMLD_OADNet_text,5.0,0.6,uni,25,0.6118414317961188,0.5425894277749126,0.08278815712676069,0.051551712156380367,0.24,1.0,0.0,0.15,0.15,0.0
SEUMLD_OADNet_text,5.0,0.7,cs,25,0.5309471505299812,0.6582097341440345,0.10506503439086458,0.0193554498134199,0.32,0.72,0.0,0.2,0.04,0.0
SEUMLD_OADNet_text,5.0,0.7,uni,25,0.5645824438130121,0.6459590236006347,0.060355350465041084,0.03624951630953072,0.2,1.0,0.0,0.1,0.1,0.0
SEUMLD_OADNet_text,5.0,0.8,cs,25,0.501587646318506,0.7571275613732353,0.07045434540560723,0.010513904045256211,0.28,1.0,0.0,0.15,0.03,0.0
SEUMLD_OADNet_text,5.0,0.8,uni,25,0.5435477001213322,0.7381956933809394,0.043693072562504084,0.026151356173671713,0.2,1.0,0.0,0.075,0.075,0.0
SEUMLD_OADNet_text,10.0,0.6,cs,25,0.5654622269740939,0.6396247821771185,0.14535042123768185,0.010029941464785275,0.76,0.36,0.0,0.3,0.03,0.0
SEUMLD_OADNet_text,10.0,0.6,uni,25,0.8695999925780206,0.5425894277749126,0.08278815712676069,0.051551712156380367,0.24,1.0,0.0,0.15,0.15,0.0
SEUMLD_OADNet_text,10.0,0.7,cs,25,0.5559111851246565,0.682092792318865,0.1164340448431446,0.009843074412207943,0.36,0.6,0.0,0.25,0.025,0.0
SEUMLD_OADNet_text,10.0,0.7,uni,25,0.7458300253606658,0.6459590236006347,0.060355350465041084,0.03624951630953072,0.2,1.0,0.0,0.1,0.1,0.0
SEUMLD_OADNet_text,10.0,0.8,cs,25,0.5375234551040939,0.7371122122276461,0.09381762196382992,0.007514972702644106,0.2,0.96,0.0,0.15,0.015,0.0
SEUMLD_OADNet_text,10.0,0.8,uni,25,0.674304480989691,0.7381956933809394,0.043693072562504084,0.026151356173671713,0.2,1.0,0.0,0.075,0.075,0.0
