dataset,unit_type,method,B,cost_ratio,C_rev,n_units,mean_delta,ci_2.5,ci_97.5,permutation_p,wilcoxon_p,cs_wins_pct,holm_p
Open-Domain,subject,s1_reverse,,1.0,0.25,511,0.0,0.0,0.0,1.0,1.0,0.0,
Open-Domain,subject,s1_reverse,,1.0,0.5,511,0.0,0.0,0.0,1.0,1.0,0.0,
Open-Domain,subject,s1_reverse,,1.0,1.0,511,0.0,0.0,0.0,1.0,1.0,0.0,
Open-Domain,subject,s1_reverse,,1.0,2.0,511,0.0,0.0,0.0,1.0,1.0,0.0,
Open-Domain,subject,s1_reverse,,2.0,0.25,511,0.027829828358204092,0.023646694303739314,0.031983023296012526,9.999000099990002e-05,1.2274170636205983e-30,28.37573385518591,
Open-Domain,subject,s1_reverse,,2.0,0.5,511,0.029046502529868477,0.025634133343282073,0.03251088259967907,9.999000099990002e-05,7.18552288026684e-45,21.135029354207436,
Open-Domain,subject,s1_reverse,,2.0,1.0,511,0.03147985087319724,0.027465923346060326,0.03546686119924867,9.999000099990002e-05,2.8424515827361174e-40,20.54794520547945,
Open-Domain,subject,s1_reverse,,2.0,2.0,511,0.0363465475598548,0.027217333492773804,0.045460829070907365,9.999000099990002e-05,3.6052011134323757e-13,35.81213307240704,
Open-Domain,subject,s1_reverse,,3.0,0.25,511,0.07663231256675485,0.06885383673458527,0.08429754231417635,9.999000099990002e-05,2.0894156824452983e-57,17.416829745596868,
Open-Domain,subject,s1_reverse,,3.0,0.5,511,0.07783363516240228,0.07136587792507557,0.08451876186978927,9.999000099990002e-05,1.6507028934173636e-69,12.524461839530332,9.999000099990002e-05
Open-Domain,subject,s1_reverse,,3.0,1.0,511,0.08023628035369716,0.07425338843587374,0.08626270386495435,9.999000099990002e-05,1.603368634164605e-69,10.371819960861057,
Open-Domain,subject,s1_reverse,,3.0,2.0,511,0.08504157073628697,0.07390775434611051,0.09596617244464604,9.999000099990002e-05,1.2523246485539335e-36,23.874755381604697,
Open-Domain,subject,s1_reverse,,5.0,0.25,511,0.1771866772062467,0.1625404734833551,0.19229867743150525,9.999000099990002e-05,1.7318099882123036e-71,12.524461839530332,
Open-Domain,subject,s1_reverse,,5.0,0.5,511,0.17749763174420705,0.1642693163272909,0.1909570840118785,9.999000099990002e-05,8.508255187855621e-78,7.436399217221135,
Open-Domain,subject,s1_reverse,,5.0,1.0,511,0.1781195408201279,0.1663377195211833,0.18955910717897018,9.999000099990002e-05,1.3936665592178986e-79,5.283757338551859,
Open-Domain,subject,s1_reverse,,5.0,2.0,511,0.17936335897196956,0.16592707824899605,0.19270070894532731,9.999000099990002e-05,3.985922942594094e-69,9.980430528375733,
Open-Domain,subject,s1_reverse,,10.0,0.25,511,0.4380638496098379,0.4038965631835006,0.47339809854474724,9.999000099990002e-05,8.885599740570417e-79,10.76320939334638,
Open-Domain,subject,s1_reverse,,10.0,0.5,511,0.4399295333933298,0.4080034162402069,0.47165995151293577,9.999000099990002e-05,9.740979020927496e-82,7.045009784735812,
Open-Domain,subject,s1_reverse,,10.0,1.0,511,0.44366090096031385,0.4150044334877994,0.47400931396283646,9.999000099990002e-05,1.3836740136555247e-83,2.5440313111545985,
Open-Domain,subject,s1_reverse,,10.0,2.0,511,0.45112363609428185,0.4249290069573826,0.4777362004705449,9.999000099990002e-05,5.6507637895588946e-83,3.131115459882583,
Open-Domain,subject,s2_oracle_scalar_alpha,0.6,1.0,0.25,511,0.0,0.0,0.0,1.0,1.0,0.0,
Open-Domain,subject,s2_oracle_scalar_alpha,0.6,1.0,0.5,511,0.0,0.0,0.0,1.0,1.0,0.0,
Open-Domain,subject,s2_oracle_scalar_alpha,0.6,1.0,1.0,511,0.0,0.0,0.0,1.0,1.0,0.0,
Open-Domain,subject,s2_oracle_scalar_alpha,0.6,1.0,2.0,511,0.0,0.0,0.0,1.0,1.0,0.0,
Open-Domain,subject,s2_oracle_scalar_alpha,0.6,2.0,0.25,511,0.019568766197924713,0.016018446029943092,0.023111692218957383,9.999000099990002e-05,1.6634678009278077e-21,33.46379647749511,
Open-Domain,subject,s2_oracle_scalar_alpha,0.6,2.0,0.5,511,0.020659890229361853,0.017635672220799422,0.02373215798117951,9.999000099990002e-05,4.294723938695458e-31,27.59295499021526,
Open-Domain,subject,s2_oracle_scalar_alpha,0.6,2.0,1.0,511,0.03693447669964303,0.03134563930307569,0.04264232033459039,9.999000099990002e-05,1.9705215037496297e-30,24.26614481409002,
Open-Domain,subject,s2_oracle_scalar_alpha,0.6,2.0,2.0,511,-0.03167611905380986,-0.03855047501965311,-0.02492857349217428,9.999000099990002e-05,9.344271801119522e-18,62.426614481409004,
Open-Domain,subject,s2_oracle_scalar_alpha,0.6,3.0,0.25,511,0.06511879835754592,0.058254064645943314,0.07207912017586675,9.999000099990002e-05,3.1845214697924356e-50,22.309197651663403,
Open-Domain,subject,s2_oracle_scalar_alpha,0.6,3.0,0.5,511,0.06428099189351635,0.05839812546661862,0.07047190304259776,9.999000099990002e-05,2.036071249963279e-60,17.416829745596868,9.999000099990002e-05
Open-Domain,subject,s2_oracle_scalar_alpha,0.6,3.0,1.0,511,0.13701358219949217,0.12874224769577014,0.14529981493826896,9.999000099990002e-05,2.1385347061385603e-79,6.653620352250488,
Open-Domain,subject,s2_oracle_scalar_alpha,0.6,3.0,2.0,511,-0.02136046167357322,-0.03228621899952624,-0.010521138515756916,0.00019998000199980003,2.6262725449173078e-05,56.555772994129164,
Open-Domain,subject,s2_oracle_scalar_alpha,0.6,5.0,0.25,511,0.17599263967170037,0.16165315410019424,0.1904386561334947,9.999000099990002e-05,5.2724908715572e-71,13.698630136986301,
Open-Domain,subject,s2_oracle_scalar_alpha,0.6,5.0,0.5,511,0.17986610258625915,0.16651316687226672,0.1938123026136725,9.999000099990002e-05,8.26187213256553e-77,10.76320939334638,
Open-Domain,subject,s2_oracle_scalar_alpha,0.6,5.0,1.0,511,0.25458338356577104,0.2443136015973589,0.26513185797676986,9.999000099990002e-05,8.728225999480087e-85,0.5870841487279843,
Open-Domain,subject,s2_oracle_scalar_alpha,0.6,5.0,2.0,511,0.2195025001091537,0.19995455484936894,0.23872559420357853,9.999000099990002e-05,1.0254676169092189e-62,15.459882583170254,
Open-Domain,subject,s2_oracle_scalar_alpha,0.6,10.0,0.25,511,0.51056850520647,0.4755367663973339,0.547550287761271,9.999000099990002e-05,2.705194704096198e-80,10.176125244618394,
Open-Domain,subject,s2_oracle_scalar_alpha,0.6,10.0,0.5,511,0.5111767032706367,0.4769642327937337,0.5459548391649663,9.999000099990002e-05,1.149791572866521e-81,8.610567514677104,
Open-Domain,subject,s2_oracle_scalar_alpha,0.6,10.0,1.0,511,0.5617826921936511,0.5313757854995624,0.593091904236229,9.999000099990002e-05,1.2610127533994612e-84,1.36986301369863,
Open-Domain,subject,s2_oracle_scalar_alpha,0.6,10.0,2.0,511,0.8107559085836973,0.7803301734143222,0.8408509539492905,9.999000099990002e-05,2.4037031505712236e-85,0.5870841487279843,
Open-Domain,subject,s2_oracle_scalar_alpha,0.7,1.0,0.25,511,0.0,0.0,0.0,1.0,1.0,0.0,
Open-Domain,subject,s2_oracle_scalar_alpha,0.7,1.0,0.5,511,0.0,0.0,0.0,1.0,1.0,0.0,
Open-Domain,subject,s2_oracle_scalar_alpha,0.7,1.0,1.0,511,0.0,0.0,0.0,1.0,1.0,0.0,
Open-Domain,subject,s2_oracle_scalar_alpha,0.7,1.0,2.0,511,0.0,0.0,0.0,1.0,1.0,0.0,
Open-Domain,subject,s2_oracle_scalar_alpha,0.7,2.0,0.25,511,0.017639345325255306,0.014533897283408044,0.020685078511399453,9.999000099990002e-05,7.352488959003366e-22,35.22504892367906,
Open-Domain,subject,s2_oracle_scalar_alpha,0.7,2.0,0.5,511,0.014217614305676928,0.01174143300708859,0.01684157465713239,9.999000099990002e-05,4.973594547435746e-22,30.332681017612522,
Open-Domain,subject,s2_oracle_scalar_alpha,0.7,2.0,1.0,511,0.03693447669964303,0.03123750445032245,0.04266538728720724,9.999000099990002e-05,1.9705215037496297e-30,24.26614481409002,
Open-Domain,subject,s2_oracle_scalar_alpha,0.7,2.0,2.0,511,-0.03167611905380986,-0.03837233852253422,-0.024965104747394388,9.999000099990002e-05,9.344271801119522e-18,62.426614481409004,
Open-Domain,subject,s2_oracle_scalar_alpha,0.7,3.0,0.25,511,0.05031832594454904,0.0443908474380588,0.05649125980021283,9.999000099990002e-05,1.5886762236081775e-45,25.83170254403131,
Open-Domain,subject,s2_oracle_scalar_alpha,0.7,3.0,0.5,511,0.049914965443341175,0.04465853058661277,0.05517766770628805,9.999000099990002e-05,1.0220903075584409e-54,18.590998043052835,9.999000099990002e-05
Open-Domain,subject,s2_oracle_scalar_alpha,0.7,3.0,1.0,511,0.13701358219949217,0.12913033769883087,0.14517562585272958,9.999000099990002e-05,2.1385347061385603e-79,6.653620352250488,
Open-Domain,subject,s2_oracle_scalar_alpha,0.7,3.0,2.0,511,-0.02136046167357322,-0.03237548937255394,-0.010504265901526175,9.999000099990002e-05,2.6262725449173078e-05,56.555772994129164,
Open-Domain,subject,s2_oracle_scalar_alpha,0.7,5.0,0.25,511,0.13666572229683777,0.12459844164858844,0.14908879289334281,9.999000099990002e-05,8.402737929227322e-67,17.61252446183953,
Open-Domain,subject,s2_oracle_scalar_alpha,0.7,5.0,0.5,511,0.13576239915770247,0.12492578179050781,0.1468003599194891,9.999000099990002e-05,4.0631826609972014e-73,12.720156555772993,
Open-Domain,subject,s2_oracle_scalar_alpha,0.7,5.0,1.0,511,0.23628710928123842,0.2286582358715431,0.24394874901137129,9.999000099990002e-05,3.036249691120951e-85,0.3913894324853229,
Open-Domain,subject,s2_oracle_scalar_alpha,0.7,5.0,2.0,511,0.2195025001091537,0.20018041411730259,0.23928202755061856,9.999000099990002e-05,1.0254676169092189e-62,15.459882583170254,
Open-Domain,subject,s2_oracle_scalar_alpha,0.7,10.0,0.25,511,0.3857707681533513,0.3556603369043438,0.4164586963373656,9.999000099990002e-05,1.4739480858631899e-77,14.090019569471623,
Open-Domain,subject,s2_oracle_scalar_alpha,0.7,10.0,0.5,511,0.3857692763857147,0.35750534541018886,0.41530103580372657,9.999000099990002e-05,1.205732199643864e-79,9.784735812133071,
Open-Domain,subject,s2_oracle_scalar_alpha,0.7,10.0,1.0,511,0.45461249557139966,0.4318325781089969,0.4782106154337074,9.999000099990002e-05,2.5407825098384138e-85,0.7827788649706457,
Open-Domain,subject,s2_oracle_scalar_alpha,0.7,10.0,2.0,511,0.7954316438073777,0.7694437505308348,0.8220594249738085,9.999000099990002e-05,2.1562439490573082e-85,0.3913894324853229,
Open-Domain,subject,s2_oracle_scalar_alpha,0.8,1.0,0.25,511,0.0,0.0,0.0,1.0,1.0,0.0,
Open-Domain,subject,s2_oracle_scalar_alpha,0.8,1.0,0.5,511,0.0,0.0,0.0,1.0,1.0,0.0,
Open-Domain,subject,s2_oracle_scalar_alpha,0.8,1.0,1.0,511,0.0,0.0,0.0,1.0,1.0,0.0,
Open-Domain,subject,s2_oracle_scalar_alpha,0.8,1.0,2.0,511,0.0,0.0,0.0,1.0,1.0,0.0,
Open-Domain,subject,s2_oracle_scalar_alpha,0.8,2.0,0.25,511,0.010054159799756669,0.007720493941262044,0.012426537965187667,9.999000099990002e-05,6.98353435961922e-13,35.42074363992172,
Open-Domain,subject,s2_oracle_scalar_alpha,0.8,2.0,0.5,511,0.013244392050654282,0.010698728321037519,0.015846781480098507,9.999000099990002e-05,1.9862122353049163e-20,29.9412915851272,
Open-Domain,subject,s2_oracle_scalar_alpha,0.8,2.0,1.0,511,0.03693447669964303,0.031498348900501544,0.042659590192369055,9.999000099990002e-05,1.9705215037496297e-30,24.26614481409002,
Open-Domain,subject,s2_oracle_scalar_alpha,0.8,2.0,2.0,511,-0.03167611905380986,-0.03843024788866277,-0.025255265336967897,9.999000099990002e-05,9.344271801119522e-18,62.426614481409004,
Open-Domain,subject,s2_oracle_scalar_alpha,0.8,3.0,0.25,511,0.031740466534987084,0.02713082735648783,0.03651112104084217,9.999000099990002e-05,6.8969110031049905e-31,32.4853228962818,
Open-Domain,subject,s2_oracle_scalar_alpha,0.8,3.0,0.5,511,0.034603756756398645,0.030326888348659386,0.038957032666181404,9.999000099990002e-05,4.726739122507157e-44,22.113502935420744,9.999000099990002e-05
Open-Domain,subject,s2_oracle_scalar_alpha,0.8,3.0,1.0,511,0.13701358219949217,0.1289034177390342,0.14522053859382628,9.999000099990002e-05,2.1385347061385603e-79,6.653620352250488,
Open-Domain,subject,s2_oracle_scalar_alpha,0.8,3.0,2.0,511,-0.02136046167357322,-0.03225389494176187,-0.010326611364282598,0.00029997000299970003,2.6262725449173078e-05,56.555772994129164,
Open-Domain,subject,s2_oracle_scalar_alpha,0.8,5.0,0.25,511,0.09233199774784902,0.08234800030910598,0.10258045356198486,9.999000099990002e-05,6.615048792196407e-52,26.810176125244617,
Open-Domain,subject,s2_oracle_scalar_alpha,0.8,5.0,0.5,511,0.09412861220101924,0.08511625252329755,0.10323694078806603,9.999000099990002e-05,1.8679029055152426e-62,17.025440313111545,
Open-Domain,subject,s2_oracle_scalar_alpha,0.8,5.0,1.0,511,0.22570837077686393,0.21849482899140432,0.23315743459628,9.999000099990002e-05,4.500323704178781e-85,0.3913894324853229,
Open-Domain,subject,s2_oracle_scalar_alpha,0.8,5.0,2.0,511,0.2195025001091537,0.20023967807578372,0.23908303177579107,9.999000099990002e-05,1.0254676169092189e-62,15.459882583170254,
Open-Domain,subject,s2_oracle_scalar_alpha,0.8,10.0,0.25,511,0.25159929220594585,0.22774402083293963,0.27674800658680304,9.999000099990002e-05,6.379684940369297e-62,24.853228962818,
Open-Domain,subject,s2_oracle_scalar_alpha,0.8,10.0,0.5,511,0.24934747357447945,0.2272232888605198,0.2724094370784684,9.999000099990002e-05,1.4357036944560044e-67,17.22113502935421,
Open-Domain,subject,s2_oracle_scalar_alpha,0.8,10.0,1.0,511,0.35324135964057685,0.33846522177539795,0.3678669346526489,9.999000099990002e-05,2.93960209847533e-85,0.0,
Open-Domain,subject,s2_oracle_scalar_alpha,0.8,10.0,2.0,511,0.7789392016984973,0.7552472470451923,0.8035825117478738,9.999000099990002e-05,2.978078607461349e-85,0.19569471624266144,
Cross-Cultural,paired_unit,s1_reverse,,1.0,0.25,1200,0.0,0.0,0.0,1.0,1.0,0.0,
Cross-Cultural,paired_unit,s1_reverse,,1.0,0.5,1200,0.0,0.0,0.0,1.0,1.0,0.0,
Cross-Cultural,paired_unit,s1_reverse,,1.0,1.0,1200,0.0,0.0,0.0,1.0,1.0,0.0,
Cross-Cultural,paired_unit,s1_reverse,,1.0,2.0,1200,0.0,0.0,0.0,1.0,1.0,0.0,
Cross-Cultural,paired_unit,s1_reverse,,2.0,0.25,1200,0.02720833333333333,0.020666145833333333,0.033979166666666664,9.999000099990002e-05,4.593820038191103e-06,37.0,
Cross-Cultural,paired_unit,s1_reverse,,2.0,0.5,1200,0.027916666666666666,0.022041666666666668,0.033874999999999995,9.999000099990002e-05,1.1094846867512083e-15,30.083333333333336,
Cross-Cultural,paired_unit,s1_reverse,,2.0,1.0,1200,0.029333333333333336,0.021916666666666664,0.03691666666666667,9.999000099990002e-05,6.066468162474939e-13,25.666666666666664,
Cross-Cultural,paired_unit,s1_reverse,,2.0,2.0,1200,0.03216666666666667,0.016497916666666668,0.04791666666666667,0.00019998000199980003,0.00012176638503933101,31.166666666666664,
Cross-Cultural,paired_unit,s1_reverse,,3.0,0.25,1200,0.06877083333333334,0.0564578125,0.08116718749999999,9.999000099990002e-05,1.7931840816531037e-09,39.08333333333333,
Cross-Cultural,paired_unit,s1_reverse,,3.0,0.5,1200,0.070125,0.059166666666666666,0.08116666666666666,9.999000099990002e-05,2.3763453351326728e-26,32.58333333333333,9.999000099990002e-05
Cross-Cultural,paired_unit,s1_reverse,,3.0,1.0,1200,0.07283333333333333,0.061500000000000006,0.08399999999999999,9.999000099990002e-05,4.700158043279773e-33,25.416666666666664,
Cross-Cultural,paired_unit,s1_reverse,,3.0,2.0,1200,0.07825,0.05841666666666667,0.09808333333333334,9.999000099990002e-05,2.1578287946759442e-13,32.25,
Cross-Cultural,paired_unit,s1_reverse,,5.0,0.25,1200,0.1640625,0.14041614583333334,0.1891255208333333,9.999000099990002e-05,8.886339243703644e-12,39.916666666666664,
Cross-Cultural,paired_unit,s1_reverse,,5.0,0.5,1200,0.164125,0.14183333333333334,0.18699999999999997,9.999000099990002e-05,1.550172059644603e-32,32.083333333333336,
Cross-Cultural,paired_unit,s1_reverse,,5.0,1.0,1200,0.16425,0.1439979166666667,0.18491666666666665,9.999000099990002e-05,3.7540647435284025e-50,24.333333333333336,
Cross-Cultural,paired_unit,s1_reverse,,5.0,2.0,1200,0.16450000000000004,0.13975,0.19016874999999994,9.999000099990002e-05,4.5840757384991026e-32,28.666666666666668,
Cross-Cultural,paired_unit,s1_reverse,,10.0,0.25,1200,0.41625,0.3607442708333333,0.4737723958333333,9.999000099990002e-05,7.832719262029457e-13,40.75,
Cross-Cultural,paired_unit,s1_reverse,,10.0,0.5,1200,0.41524999999999995,0.3617083333333333,0.4692927083333333,9.999000099990002e-05,3.2553597637596284e-35,32.916666666666664,
Cross-Cultural,paired_unit,s1_reverse,,10.0,1.0,1200,0.41325,0.36441666666666667,0.4634166666666667,9.999000099990002e-05,1.9819999871652363e-61,25.75,
Cross-Cultural,paired_unit,s1_reverse,,10.0,2.0,1200,0.40925,0.3648333333333334,0.4553354166666667,9.999000099990002e-05,1.9304296344418533e-59,26.083333333333332,
Cross-Cultural,paired_unit,s2_oracle_scalar_alpha,0.6,1.0,0.25,1200,0.0,0.0,0.0,1.0,1.0,0.0,
Cross-Cultural,paired_unit,s2_oracle_scalar_alpha,0.6,1.0,0.5,1200,0.0,0.0,0.0,1.0,1.0,0.0,
Cross-Cultural,paired_unit,s2_oracle_scalar_alpha,0.6,1.0,1.0,1200,0.0,0.0,0.0,1.0,1.0,0.0,
Cross-Cultural,paired_unit,s2_oracle_scalar_alpha,0.6,1.0,2.0,1200,0.0,0.0,0.0,1.0,1.0,0.0,
Cross-Cultural,paired_unit,s2_oracle_scalar_alpha,0.6,2.0,0.25,1200,0.007583333333333332,0.0033953125,0.011770833333333333,0.00029997000299970003,0.8151502524189855,31.583333333333336,
Cross-Cultural,paired_unit,s2_oracle_scalar_alpha,0.6,2.0,0.5,1200,0.01925,0.013666666666666666,0.024749999999999998,9.999000099990002e-05,2.908535873578211e-09,31.083333333333336,
Cross-Cultural,paired_unit,s2_oracle_scalar_alpha,0.6,2.0,1.0,1200,0.044250000000000005,0.034583333333333334,0.05366666666666667,9.999000099990002e-05,6.386086904551279e-16,25.583333333333336,
Cross-Cultural,paired_unit,s2_oracle_scalar_alpha,0.6,2.0,2.0,1200,0.043416666666666666,0.03358333333333334,0.0535,9.999000099990002e-05,2.4943003914625058e-15,26.0,
Cross-Cultural,paired_unit,s2_oracle_scalar_alpha,0.6,3.0,0.25,1200,0.03854166666666667,0.029770312499999996,0.04779166666666666,9.999000099990002e-05,0.11535173611436576,38.666666666666664,
Cross-Cultural,paired_unit,s2_oracle_scalar_alpha,0.6,3.0,0.5,1200,0.034583333333333334,0.027957291666666672,0.04158333333333333,9.999000099990002e-05,1.303919562998586e-16,29.666666666666668,9.999000099990002e-05
Cross-Cultural,paired_unit,s2_oracle_scalar_alpha,0.6,3.0,1.0,1200,0.13275,0.11874791666666666,0.14666666666666667,9.999000099990002e-05,9.449246079767197e-60,21.166666666666668,
Cross-Cultural,paired_unit,s2_oracle_scalar_alpha,0.6,3.0,2.0,1200,0.12308333333333332,0.10533333333333333,0.14108333333333334,9.999000099990002e-05,2.309729666904775e-32,29.916666666666668,
Cross-Cultural,paired_unit,s2_oracle_scalar_alpha,0.6,5.0,0.25,1200,0.101625,0.08395833333333333,0.12018854166666666,9.999000099990002e-05,0.15141085729495501,43.25,
Cross-Cultural,paired_unit,s2_oracle_scalar_alpha,0.6,5.0,0.5,1200,0.09433333333333332,0.08029166666666666,0.10937604166666665,9.999000099990002e-05,1.257376166057403e-16,35.16666666666667,
Cross-Cultural,paired_unit,s2_oracle_scalar_alpha,0.6,5.0,1.0,1200,0.22566666666666668,0.20983333333333334,0.24149999999999996,9.999000099990002e-05,1.1326909182882508e-118,10.416666666666668,
Cross-Cultural,paired_unit,s2_oracle_scalar_alpha,0.6,5.0,2.0,1200,0.27699999999999997,0.2439166666666667,0.3097520833333333,9.999000099990002e-05,7.560685498306746e-45,31.5,
Cross-Cultural,paired_unit,s2_oracle_scalar_alpha,0.6,10.0,0.25,1200,0.28727083333333336,0.2430203125,0.3337729166666666,9.999000099990002e-05,0.8485230934962452,49.666666666666664,
Cross-Cultural,paired_unit,s2_oracle_scalar_alpha,0.6,10.0,0.5,1200,0.25916666666666666,0.2226666666666667,0.2969583333333334,9.999000099990002e-05,4.124065202953946e-14,36.833333333333336,
Cross-Cultural,paired_unit,s2_oracle_scalar_alpha,0.6,10.0,1.0,1200,0.37416666666666665,0.34341458333333336,0.40525208333333335,9.999000099990002e-05,3.6665324867507455e-133,10.416666666666668,
Cross-Cultural,paired_unit,s2_oracle_scalar_alpha,0.6,10.0,2.0,1200,0.7264166666666667,0.67508125,0.7778354166666667,9.999000099990002e-05,2.612735707761667e-125,15.25,
Cross-Cultural,paired_unit,s2_oracle_scalar_alpha,0.7,1.0,0.25,1200,0.0,0.0,0.0,1.0,1.0,0.0,
Cross-Cultural,paired_unit,s2_oracle_scalar_alpha,0.7,1.0,0.5,1200,0.0,0.0,0.0,1.0,1.0,0.0,
Cross-Cultural,paired_unit,s2_oracle_scalar_alpha,0.7,1.0,1.0,1200,0.0,0.0,0.0,1.0,1.0,0.0,
Cross-Cultural,paired_unit,s2_oracle_scalar_alpha,0.7,1.0,2.0,1200,0.0,0.0,0.0,1.0,1.0,0.0,
Cross-Cultural,paired_unit,s2_oracle_scalar_alpha,0.7,2.0,0.25,1200,0.011083333333333332,0.006958333333333331,0.015333333333333332,9.999000099990002e-05,0.554439573880506,28.166666666666668,
Cross-Cultural,paired_unit,s2_oracle_scalar_alpha,0.7,2.0,0.5,1200,0.020999999999999998,0.015625,0.02654270833333332,9.999000099990002e-05,2.9799633154261906e-11,30.25,
Cross-Cultural,paired_unit,s2_oracle_scalar_alpha,0.7,2.0,1.0,1200,0.044250000000000005,0.03475,0.05408333333333334,9.999000099990002e-05,6.386086904551279e-16,25.583333333333336,
Cross-Cultural,paired_unit,s2_oracle_scalar_alpha,0.7,2.0,2.0,1200,0.043416666666666666,0.03316666666666667,0.05358333333333333,9.999000099990002e-05,2.4943003914625058e-15,26.0,
Cross-Cultural,paired_unit,s2_oracle_scalar_alpha,0.7,3.0,0.25,1200,0.0316875,0.024062500000000004,0.03960468749999999,9.999000099990002e-05,0.1318739723425603,33.5,
Cross-Cultural,paired_unit,s2_oracle_scalar_alpha,0.7,3.0,0.5,1200,0.03004166666666667,0.024458333333333335,0.03591666666666666,9.999000099990002e-05,9.151218869623167e-21,26.083333333333332,9.999000099990002e-05
Cross-Cultural,paired_unit,s2_oracle_scalar_alpha,0.7,3.0,1.0,1200,0.13275,0.11891666666666666,0.14708333333333334,9.999000099990002e-05,9.449246079767197e-60,21.166666666666668,
Cross-Cultural,paired_unit,s2_oracle_scalar_alpha,0.7,3.0,2.0,1200,0.12308333333333332,0.10524999999999998,0.14083333333333334,9.999000099990002e-05,2.309729666904775e-32,29.916666666666668,
Cross-Cultural,paired_unit,s2_oracle_scalar_alpha,0.7,5.0,0.25,1200,0.07927083333333333,0.06379114583333333,0.09577135416666666,9.999000099990002e-05,0.6438701059348747,39.08333333333333,
Cross-Cultural,paired_unit,s2_oracle_scalar_alpha,0.7,5.0,0.5,1200,0.067625,0.056541666666666664,0.07925104166666665,9.999000099990002e-05,5.617988066017501e-19,30.25,
Cross-Cultural,paired_unit,s2_oracle_scalar_alpha,0.7,5.0,1.0,1200,0.23200000000000004,0.2176666666666667,0.24649999999999997,9.999000099990002e-05,1.1972414054726754e-133,7.000000000000001,
Cross-Cultural,paired_unit,s2_oracle_scalar_alpha,0.7,5.0,2.0,1200,0.27699999999999997,0.24524791666666665,0.3099166666666667,9.999000099990002e-05,7.560685498306746e-45,31.5,
Cross-Cultural,paired_unit,s2_oracle_scalar_alpha,0.7,10.0,0.25,1200,0.21810416666666668,0.1806234375,0.25818802083333336,9.999000099990002e-05,0.6350509676973652,45.166666666666664,
Cross-Cultural,paired_unit,s2_oracle_scalar_alpha,0.7,10.0,0.5,1200,0.20583333333333337,0.17383333333333334,0.23958333333333334,9.999000099990002e-05,1.3718652806788265e-16,32.083333333333336,
Cross-Cultural,paired_unit,s2_oracle_scalar_alpha,0.7,10.0,1.0,1200,0.33166666666666667,0.3084166666666667,0.35575208333333325,9.999000099990002e-05,2.736487407863158e-151,6.416666666666666,
Cross-Cultural,paired_unit,s2_oracle_scalar_alpha,0.7,10.0,2.0,1200,0.7293333333333334,0.6798333333333333,0.7789166666666667,9.999000099990002e-05,4.3919492569389994e-132,13.916666666666666,
Cross-Cultural,paired_unit,s2_oracle_scalar_alpha,0.8,1.0,0.25,1200,0.0,0.0,0.0,1.0,1.0,0.0,
Cross-Cultural,paired_unit,s2_oracle_scalar_alpha,0.8,1.0,0.5,1200,0.0,0.0,0.0,1.0,1.0,0.0,
Cross-Cultural,paired_unit,s2_oracle_scalar_alpha,0.8,1.0,1.0,1200,0.0,0.0,0.0,1.0,1.0,0.0,
Cross-Cultural,paired_unit,s2_oracle_scalar_alpha,0.8,1.0,2.0,1200,0.0,0.0,0.0,1.0,1.0,0.0,
Cross-Cultural,paired_unit,s2_oracle_scalar_alpha,0.8,2.0,0.25,1200,0.0072499999999999995,0.0035208333333333324,0.011083333333333334,9.999000099990002e-05,0.12280345589016813,27.0,
Cross-Cultural,paired_unit,s2_oracle_scalar_alpha,0.8,2.0,0.5,1200,0.020999999999999998,0.015499999999999998,0.02654166666666666,9.999000099990002e-05,2.9799633154261906e-11,30.25,
Cross-Cultural,paired_unit,s2_oracle_scalar_alpha,0.8,2.0,1.0,1200,0.044250000000000005,0.034666666666666665,0.05408333333333334,9.999000099990002e-05,6.386086904551279e-16,25.583333333333336,
Cross-Cultural,paired_unit,s2_oracle_scalar_alpha,0.8,2.0,2.0,1200,0.043416666666666666,0.03333125,0.053583333333333344,9.999000099990002e-05,2.4943003914625058e-15,26.0,
Cross-Cultural,paired_unit,s2_oracle_scalar_alpha,0.8,3.0,0.25,1200,0.015770833333333335,0.0101453125,0.02177135416666666,9.999000099990002e-05,0.23671932953883745,28.999999999999996,
Cross-Cultural,paired_unit,s2_oracle_scalar_alpha,0.8,3.0,0.5,1200,0.029625,0.024333333333333332,0.034958333333333334,9.999000099990002e-05,3.0169348925626192e-24,23.333333333333332,9.999000099990002e-05
Cross-Cultural,paired_unit,s2_oracle_scalar_alpha,0.8,3.0,1.0,1200,0.13275,0.11883333333333335,0.14708333333333334,9.999000099990002e-05,9.449246079767197e-60,21.166666666666668,
Cross-Cultural,paired_unit,s2_oracle_scalar_alpha,0.8,3.0,2.0,1200,0.12308333333333332,0.10533333333333332,0.1405833333333333,9.999000099990002e-05,2.309729666904775e-32,29.916666666666668,
Cross-Cultural,paired_unit,s2_oracle_scalar_alpha,0.8,5.0,0.25,1200,0.04029166666666666,0.029457812499999996,0.05220833333333333,9.999000099990002e-05,0.9908838371817319,34.333333333333336,
Cross-Cultural,paired_unit,s2_oracle_scalar_alpha,0.8,5.0,0.5,1200,0.050958333333333335,0.043125,0.05900104166666666,9.999000099990002e-05,2.8889220436953683e-28,25.083333333333336,
Cross-Cultural,paired_unit,s2_oracle_scalar_alpha,0.8,5.0,1.0,1200,0.23200000000000004,0.21758125000000003,0.24641666666666664,9.999000099990002e-05,1.1972414054726754e-133,7.000000000000001,
Cross-Cultural,paired_unit,s2_oracle_scalar_alpha,0.8,5.0,2.0,1200,0.27699999999999997,0.24399999999999997,0.3101666666666667,9.999000099990002e-05,7.560685498306746e-45,31.5,
Cross-Cultural,paired_unit,s2_oracle_scalar_alpha,0.8,10.0,0.25,1200,0.12664583333333335,0.0978328125,0.15702187499999998,9.999000099990002e-05,0.11675643580243932,40.166666666666664,
Cross-Cultural,paired_unit,s2_oracle_scalar_alpha,0.8,10.0,0.5,1200,0.12091666666666666,0.09941562500000001,0.14425,9.999000099990002e-05,5.656685403743177e-26,27.416666666666668,
Cross-Cultural,paired_unit,s2_oracle_scalar_alpha,0.8,10.0,1.0,1200,0.321,0.3014166666666667,0.3407520833333333,9.999000099990002e-05,2.1740688079796354e-160,4.833333333333333,
Cross-Cultural,paired_unit,s2_oracle_scalar_alpha,0.8,10.0,2.0,1200,0.7293333333333334,0.6797500000000001,0.7800020833333333,9.999000099990002e-05,4.3919492569389994e-132,13.916666666666666,
