dataset,config,cost_ratio,C_rev,n_independent_subjects,mean_delta,median_delta,bootstrap_ci_2.5,bootstrap_ci_97.5,permutation_p,wilcoxon_p,sign_p,n_positive,n_negative,n_zero,cs_wins_pct
SEUMLD,OADNet_text,1.0,0.25,76,0.0,0.0,0.0,0.0,1.0,1.0,1.0,0,0,76,0.0
SEUMLD,OADNet_text,1.0,0.5,76,0.0,0.0,0.0,0.0,1.0,1.0,1.0,0,0,76,0.0
SEUMLD,OADNet_text,1.0,1.0,76,0.0,0.0,0.0,0.0,1.0,1.0,1.0,0,0,76,0.0
SEUMLD,OADNet_text,1.0,2.0,76,0.0,0.0,0.0,0.0,1.0,1.0,1.0,0,0,76,0.0
SEUMLD,OADNet_text,2.0,0.25,76,-0.0164953566437758,-0.006450719822812848,-0.026250663877528762,-0.007596439462789403,0.0006999300069993001,0.014701446525379771,0.48868297090314317,34,41,1,53.94736842105263
SEUMLD,OADNet_text,2.0,0.5,76,0.0037933397400515137,0.01111111111111111,-0.00593238027161318,0.013109245934174773,0.44385561443855615,0.1676183643083312,0.034415913668175036,46,27,3,35.526315789473685
SEUMLD,OADNet_text,2.0,1.0,76,0.04437073250770613,0.03527777777777776,0.03342315280968564,0.05587357230676076,9.999000099990002e-05,1.3883899217372605e-09,3.108521862394645e-10,64,11,1,14.473684210526317
SEUMLD,OADNet_text,2.0,2.0,76,0.12552551804301534,0.11293199554069117,0.10708998446120237,0.1448287503836199,9.999000099990002e-05,5.277723688941049e-14,5.293955920339377e-23,75,0,1,0.0
SEUMLD,OADNet_text,3.0,0.25,76,-0.04149695460831675,-0.018541456016177946,-0.059466865309677666,-0.02482519151872073,9.999000099990002e-05,0.000543237931711331,0.13538510529943087,31,45,0,59.210526315789465
SEUMLD,OADNet_text,3.0,0.5,76,-0.014243486221701497,0.005103359173126598,-0.03209854217033615,0.002707174927424713,0.11858814118588142,0.5760552871645692,0.566573442398685,41,35,0,46.05263157894737
SEUMLD,OADNet_text,3.0,1.0,76,0.040263450551528995,0.04949443882709807,0.021359548494139992,0.05937622164903058,9.999000099990002e-05,0.0002118744260562507,0.0007645817391550476,53,23,0,30.263157894736842
SEUMLD,OADNet_text,3.0,2.0,76,0.14927732409798997,0.1388888888888889,0.12312514312735046,0.17672760135968715,9.999000099990002e-05,1.7741734334387643e-13,5.249233110119942e-16,71,5,0,6.578947368421052
SEUMLD,OADNet_text,5.0,0.25,76,-0.0943988972639767,-0.050543478260869565,-0.12948703681705,-0.06167964967272983,9.999000099990002e-05,6.823309320294854e-06,0.050452410247217666,29,47,0,61.8421052631579
SEUMLD,OADNet_text,5.0,0.5,76,-0.06074608907718049,-0.0135743174924166,-0.09560917853504095,-0.027319957163017366,0.0008999100089991,0.02146598754994199,0.48868297090314317,34,41,1,53.94736842105263
SEUMLD,OADNet_text,5.0,1.0,76,0.006559527296411952,0.024154589371980686,-0.03040603957280168,0.0412789457148706,0.7253274672532747,0.3784146779151205,0.04739297550405176,46,28,2,36.84210526315789
SEUMLD,OADNet_text,5.0,2.0,76,0.14117076004359683,0.13818181818181818,0.09616660671009031,0.18580970811997727,9.999000099990002e-05,1.8518160053090146e-07,1.4836899336372366e-05,57,19,0,25.0
SEUMLD,OADNet_text,10.0,0.25,76,-0.2392297315485811,-0.139649209486166,-0.31626435207038,-0.16729933948114895,9.999000099990002e-05,2.2475365928756515e-07,0.01058211705170527,26,49,1,64.47368421052632
SEUMLD,OADNet_text,10.0,0.5,76,-0.199963896188994,-0.09565217391304345,-0.2769523722753406,-0.12909559043078211,9.999000099990002e-05,2.622269453211406e-05,0.050452410247217666,29,47,0,61.8421052631579
SEUMLD,OADNet_text,10.0,1.0,76,-0.12143222546981976,-0.02249747219413547,-0.2004936705533407,-0.04597926257577803,0.0020997900209979003,0.041362243566341196,0.7310088822226056,36,40,0,52.63157894736842
SEUMLD,OADNet_text,10.0,2.0,76,0.03563111596852874,0.0865497076023392,-0.0472238198758831,0.11389410980280154,0.3852614738526147,0.1950996654475553,0.04739297550405176,46,28,2,36.84210526315789
SEUMLD,OADNet_audio,1.0,0.25,76,0.0,0.0,0.0,0.0,1.0,1.0,1.0,0,0,76,0.0
SEUMLD,OADNet_audio,1.0,0.5,76,0.0,0.0,0.0,0.0,1.0,1.0,1.0,0,0,76,0.0
SEUMLD,OADNet_audio,1.0,1.0,76,0.0,0.0,0.0,0.0,1.0,1.0,1.0,0,0,76,0.0
SEUMLD,OADNet_audio,1.0,2.0,76,0.0,0.0,0.0,0.0,1.0,1.0,1.0,0,0,76,0.0
SEUMLD,OADNet_audio,2.0,0.25,76,-0.011014320696747215,0.0,-0.018042640735731825,-0.004380646079006087,0.0014998500149985001,0.01796693255886855,0.794843653982861,28,31,17,40.78947368421053
SEUMLD,OADNet_audio,2.0,0.5,76,-0.0010437166094596807,0.0,-0.008027455880176785,0.005584100903348198,0.773022697730227,0.9338290156732746,0.43499280512215344,33,26,17,34.21052631578947
SEUMLD,OADNet_audio,2.0,1.0,76,0.018897491565115387,0.013188405797101444,0.010552914793164798,0.027763278179125366,9.999000099990002e-05,4.4359915085345464e-05,0.0005843646280443461,43,16,17,21.052631578947366
SEUMLD,OADNet_audio,2.0,2.0,76,0.05877990791426552,0.03277591973244147,0.04385992668187615,0.07465494113320721,9.999000099990002e-05,7.553512643873762e-10,1.7763568394002505e-15,50,0,26,0.0
SEUMLD,OADNet_audio,3.0,0.25,76,-0.03099599841685527,0.0,-0.04647702627075241,-0.01672035175697808,9.999000099990002e-05,0.0010809941395103183,0.5189580031896519,27,33,16,43.42105263157895
SEUMLD,OADNet_audio,3.0,0.5,76,-0.016520867892177514,0.0,-0.03077889116173748,-0.002726846133340108,0.023497650234976502,0.21857726635140518,1.0,30,29,17,38.15789473684211
SEUMLD,OADNet_audio,3.0,1.0,76,0.012429393157177985,0.00434782608695653,-0.0026504662668611007,0.02721750917247504,0.10728927107289271,0.06957716306661604,0.01348929373119186,40,20,16,26.31578947368421
SEUMLD,OADNet_audio,3.0,2.0,76,0.07032991525588898,0.04075581395348837,0.04861638289888545,0.09273039365747733,9.999000099990002e-05,4.062519668001604e-08,3.183628737933597e-06,48,12,16,15.789473684210526
SEUMLD,OADNet_audio,5.0,0.25,76,-0.08221185635443636,0.0,-0.11649724137306426,-0.04979540764774611,9.999000099990002e-05,4.394608446499839e-05,0.2450608330229457,25,35,16,46.05263157894737
SEUMLD,OADNet_audio,5.0,0.5,76,-0.06307447506657533,0.0,-0.09598272480019825,-0.03351907381405694,0.00019998000199980003,0.003726016216285954,0.2450608330229457,25,35,16,46.05263157894737
SEUMLD,OADNet_audio,5.0,1.0,76,-0.024799712490853276,0.0,-0.055206651757363334,0.0035409290199189883,0.10668933106689331,0.45716576571784484,0.5189580031896519,33,27,16,35.526315789473685
SEUMLD,OADNet_audio,5.0,2.0,76,0.05174981266059084,0.019565217391304346,0.019791452588513066,0.08480419333359954,0.0035996400359964,0.005704331434215561,0.01348929373119186,40,20,16,26.31578947368421
SEUMLD,OADNet_audio,10.0,0.25,76,-0.2203557076335044,0.0,-0.3051904620067433,-0.142812031865191,9.999000099990002e-05,1.0849715627912688e-05,0.20003136851310313,25,36,15,47.368421052631575
SEUMLD,OADNet_audio,10.0,0.5,76,-0.1971612903197731,0.0,-0.2797264625470947,-0.12358661438143732,9.999000099990002e-05,3.098859947178529e-05,0.20003136851310313,25,36,15,47.368421052631575
SEUMLD,OADNet_audio,10.0,1.0,76,-0.15077245569231038,0.0,-0.22810365537129831,-0.08065162085410513,9.999000099990002e-05,0.002161646987571016,0.20003136851310313,25,36,15,47.368421052631575
SEUMLD,OADNet_audio,10.0,2.0,76,-0.057994786437385,0.0,-0.12995465352951013,0.008841174551433767,0.10038996100389962,0.41698739249096695,0.6089207154048286,33,28,15,36.84210526315789
MDPE,OADNet_text,1.0,0.25,191,0.0,0.0,0.0,0.0,1.0,1.0,1.0,0,0,191,0.0
MDPE,OADNet_text,1.0,0.5,191,0.0,0.0,0.0,0.0,1.0,1.0,1.0,0,0,191,0.0
MDPE,OADNet_text,1.0,1.0,191,0.0,0.0,0.0,0.0,1.0,1.0,1.0,0,0,191,0.0
MDPE,OADNet_text,1.0,2.0,191,0.0,0.0,0.0,0.0,1.0,1.0,1.0,0,0,191,0.0
MDPE,OADNet_text,2.0,0.25,191,-0.019263601183701348,-0.012500000000000011,-0.02315632350709462,-0.015567688178162231,9.999000099990002e-05,6.720533906801008e-16,2.084551709901982e-08,56,133,2,69.63350785340315
MDPE,OADNet_text,2.0,0.5,191,-0.0031679186584718127,0.0,-0.00668030104712042,0.00019946505804688792,0.0744925507449255,0.3028095458413489,0.9415748463707182,94,92,5,48.167539267015705
MDPE,OADNet_text,2.0,1.0,191,0.029023446391987253,0.025,0.025261637832916,0.03286293535169588,9.999000099990002e-05,6.469505472171413e-26,2.676162516788307e-27,161,22,8,11.518324607329843
MDPE,OADNet_text,2.0,2.0,191,0.09340617649290539,0.0833333333333334,0.08632284315957206,0.10051255785719702,9.999000099990002e-05,8.867198932856871e-33,2.5489470578119236e-57,189,0,2,0.0
MDPE,OADNet_text,3.0,0.25,191,-0.05011713711207224,-0.03958333333333333,-0.057995307401927314,-0.04243577614007133,9.999000099990002e-05,4.5731084574289686e-23,1.84235335016106e-13,45,145,1,75.91623036649214
MDPE,OADNet_text,3.0,0.5,191,-0.026776500493208892,-0.016666666666666698,-0.03402477426208361,-0.019806842324910843,9.999000099990002e-05,1.3758417145891338e-09,4.090026923467007e-05,66,123,2,64.3979057591623
MDPE,OADNet_text,3.0,1.0,191,0.019904772744517792,0.024999999999999977,0.013507900827073373,0.026385158206237182,9.999000099990002e-05,2.326319703485673e-08,2.948779291998265e-08,132,56,3,29.31937172774869
MDPE,OADNet_text,3.0,2.0,191,0.11326731921997119,0.10833333333333325,0.10452993398588663,0.12227829311783898,9.999000099990002e-05,7.950622978028752e-33,1.4571387219099377e-51,187,3,1,1.5706806282722512
MDPE,OADNet_text,5.0,0.25,191,-0.12498814401699673,-0.09583333333333333,-0.14383596773275664,-0.10759623501403749,9.999000099990002e-05,1.1380826234796323e-26,3.627727204587861e-18,37,154,0,80.6282722513089
MDPE,OADNet_text,5.0,0.5,191,-0.094814667273693,-0.07083333333333328,-0.11199936926170422,-0.07826169948402763,9.999000099990002e-05,2.439341145111632e-19,1.825847246473081e-12,47,143,1,74.86910994764398
MDPE,OADNet_text,5.0,1.0,191,-0.03446771378708551,-0.016666666666666673,-0.049734473404658926,-0.019384674482130666,0.00019998000199980003,0.0005142466129588198,0.10741108743413678,82,105,4,54.973821989528794
MDPE,OADNet_text,5.0,2.0,191,0.08622619318612944,0.08333333333333334,0.07239656840427955,0.10019951248197889,9.999000099990002e-05,2.3025474142128307e-21,2.234852059582318e-23,161,29,1,15.18324607329843
MDPE,OADNet_text,10.0,0.25,191,-0.31939069732149633,-0.2875,-0.36179851705364596,-0.27871925743607256,9.999000099990002e-05,9.703928758255969e-29,1.9585913081662178e-19,35,156,0,81.67539267015707
MDPE,OADNet_text,10.0,0.5,191,-0.2816981561575233,-0.2416666666666667,-0.32164731770240534,-0.2422109511343805,9.999000099990002e-05,7.681413896256031e-26,2.3849687510454594e-17,38,152,1,79.58115183246073
MDPE,OADNet_text,10.0,1.0,191,-0.2063130738295774,-0.15,-0.2435415243948706,-0.16931050345246224,9.999000099990002e-05,3.07047160195691e-18,9.258720231217133e-10,53,137,1,71.72774869109948
MDPE,OADNet_text,10.0,2.0,191,-0.055542909173685415,-0.016666666666666653,-0.08826580165414674,-0.022990837696335087,0.0013998600139986002,0.016664088742294015,0.4249319290622428,89,101,1,52.879581151832454
MDPE,OADNet_audio,1.0,0.25,191,0.0,0.0,0.0,0.0,1.0,1.0,1.0,0,0,191,0.0
MDPE,OADNet_audio,1.0,0.5,191,0.0,0.0,0.0,0.0,1.0,1.0,1.0,0,0,191,0.0
MDPE,OADNet_audio,1.0,1.0,191,0.0,0.0,0.0,0.0,1.0,1.0,1.0,0,0,191,0.0
MDPE,OADNet_audio,1.0,2.0,191,0.0,0.0,0.0,0.0,1.0,1.0,1.0,0,0,191,0.0
MDPE,OADNet_audio,2.0,0.25,191,-0.01621708779118294,-5.551115123125783e-18,-0.020394247002807495,-0.012257616283481295,9.999000099990002e-05,1.5861723360737448e-12,0.0005356762894966124,53,96,42,50.26178010471204
MDPE,OADNet_audio,2.0,0.5,191,-0.004495788754837242,0.0,-0.007611612223992716,-0.0014416638212307465,0.0040995900409959,0.03965689889343604,0.8672499070976046,73,70,48,36.64921465968586
MDPE,OADNet_audio,2.0,1.0,191,0.01894680931785416,0.00833333333333337,0.015287483875863116,0.022786250853630778,9.999000099990002e-05,8.659294774864323e-19,1.3966293565787205e-17,118,21,52,10.99476439790576
MDPE,OADNet_audio,2.0,2.0,191,0.06583200546323698,0.05,0.056142347674330385,0.07647772972152667,9.999000099990002e-05,6.772478040572684e-26,1.1210387714598537e-44,147,0,44,0.0
MDPE,OADNet_audio,3.0,0.25,191,-0.04357216025495106,-0.01666666666666667,-0.05306375199180515,-0.03465452851126793,9.999000099990002e-05,5.813420815710569e-18,5.908093219102377e-08,43,110,38,57.59162303664922
MDPE,OADNet_audio,3.0,0.5,191,-0.02702595037559754,0.0,-0.03442432088929357,-0.020119698004400943,9.999000099990002e-05,8.976898501321109e-11,0.0032594073594768742,57,94,40,49.21465968586388
MDPE,OADNet_audio,3.0,1.0,191,0.006066469383109494,0.0,0.0012576352530541013,0.01090560740572122,0.016298370162983702,0.0060617657812819786,0.0038645812171462044,92,56,43,29.31937172774869
MDPE,OADNet_audio,3.0,2.0,191,0.07225130890052356,0.05,0.06195438766218984,0.08308672888686547,9.999000099990002e-05,2.709432490047144e-26,7.692946050018267e-39,148,4,39,2.094240837696335
MDPE,OADNet_audio,5.0,0.25,191,-0.10235886637832918,-0.03333333333333334,-0.1229186821837772,-0.08252085467410275,9.999000099990002e-05,4.0304253830271566e-20,5.607104085257025e-09,41,113,37,59.16230366492147
MDPE,OADNet_audio,5.0,0.5,191,-0.08201305106608998,-0.025,-0.09994942237650808,-0.06508832707337431,9.999000099990002e-05,6.446130525395854e-17,6.327895315902094e-07,46,108,37,56.54450261780105
MDPE,OADNet_audio,5.0,1.0,191,-0.04132142044161165,0.0,-0.05403506525533045,-0.028922054025343365,9.999000099990002e-05,1.8758713716944269e-07,0.06002721569726564,63,87,41,45.54973821989529
MDPE,OADNet_audio,5.0,2.0,191,0.04006184080734502,0.025,0.03073426473935808,0.049892300250398355,9.999000099990002e-05,8.41895724479847e-16,1.534902435956959e-13,118,30,43,15.706806282722512
MDPE,OADNet_audio,10.0,0.25,191,-0.25110450337658397,-0.08125,-0.3010044270240534,-0.2040760158206237,9.999000099990002e-05,1.6085343250270463e-20,1.9815804011750467e-09,40,114,37,59.68586387434554
MDPE,OADNet_audio,10.0,0.5,191,-0.22798486228090145,-0.07083333333333333,-0.274433260300478,-0.18417745561119966,9.999000099990002e-05,2.4739432107198343e-20,1.9815804011750467e-09,40,114,37,59.68586387434554
MDPE,OADNet_audio,10.0,1.0,191,-0.1817455800895364,-0.04166666666666665,-0.2230098072691403,-0.14442071667046058,9.999000099990002e-05,1.432524071790513e-16,3.7243110321213415e-07,45,108,38,56.54450261780105
MDPE,OADNet_audio,10.0,2.0,191,-0.08926701570680627,0.0,-0.1174523863722589,-0.06302052507777525,9.999000099990002e-05,1.6422056482017245e-07,0.07304915944161802,64,87,40,45.54973821989529
