dataset,config,fold,seed,cost_ratio,C_rev,baseline,target_type,target_value,achieved_cs,achieved_bl,cost_cs,cost_bl,delta_cost
SEUMLD,OADNet_text,3,7,1.0,0.25,mondrian,reject_rate,0.6,0.5859969558599696,0.5859969558599696,0.2713089802130898,0.2713089802130898,0.0
SEUMLD,OADNet_text,3,7,1.0,0.5,mondrian,reject_rate,0.6,0.5859969558599696,0.5859969558599696,0.4178082191780822,0.4178082191780822,0.0
SEUMLD,OADNet_text,3,7,1.0,1.0,mondrian,reject_rate,0.6,0.5859969558599696,0.5859969558599696,0.710806697108067,0.710806697108067,0.0
SEUMLD,OADNet_text,3,7,1.0,2.0,mondrian,reject_rate,0.6,0.5859969558599696,0.5859969558599696,1.2968036529680365,1.2968036529680365,0.0
SEUMLD,OADNet_text,3,2026,1.0,0.25,mondrian,reject_rate,0.6,0.6225266362252664,0.6225266362252664,0.25,0.25,0.0
SEUMLD,OADNet_text,3,2026,1.0,0.5,mondrian,reject_rate,0.6,0.6225266362252664,0.6225266362252664,0.4056316590563166,0.4056316590563166,0.0
SEUMLD,OADNet_text,3,2026,1.0,1.0,mondrian,reject_rate,0.6,0.6225266362252664,0.6225266362252664,0.7168949771689498,0.7168949771689498,0.0
SEUMLD,OADNet_text,3,2026,1.0,2.0,mondrian,reject_rate,0.6,0.6225266362252664,0.6225266362252664,1.339421613394216,1.339421613394216,0.0
SEUMLD,OADNet_text,4,7,1.0,0.25,mondrian,reject_rate,0.6,0.6283987915407855,0.6283987915407855,0.26435045317220546,0.26435045317220546,0.0
SEUMLD,OADNet_text,4,7,1.0,0.5,mondrian,reject_rate,0.6,0.6283987915407855,0.6283987915407855,0.4214501510574018,0.4214501510574018,0.0
SEUMLD,OADNet_text,4,7,1.0,1.0,mondrian,reject_rate,0.6,0.6283987915407855,0.6283987915407855,0.7356495468277946,0.7356495468277946,0.0
SEUMLD,OADNet_text,4,7,1.0,2.0,mondrian,reject_rate,0.6,0.6283987915407855,0.6283987915407855,1.36404833836858,1.36404833836858,0.0
SEUMLD,OADNet_text,4,42,1.0,0.25,mondrian,reject_rate,0.6,0.5921450151057401,0.5921450151057401,0.2583081570996979,0.2583081570996979,0.0
SEUMLD,OADNet_text,4,42,1.0,0.5,mondrian,reject_rate,0.6,0.5921450151057401,0.5921450151057401,0.40634441087613293,0.40634441087613293,0.0
SEUMLD,OADNet_text,4,42,1.0,1.0,mondrian,reject_rate,0.6,0.5921450151057401,0.5921450151057401,0.702416918429003,0.702416918429003,0.0
SEUMLD,OADNet_text,4,42,1.0,2.0,mondrian,reject_rate,0.6,0.5921450151057401,0.5921450151057401,1.2945619335347431,1.2945619335347431,0.0
SEUMLD,OADNet_text,4,123,1.0,0.25,mondrian,reject_rate,0.6,0.620845921450151,0.620845921450151,0.25793051359516617,0.25793051359516617,0.0
SEUMLD,OADNet_text,4,123,1.0,0.5,mondrian,reject_rate,0.6,0.620845921450151,0.620845921450151,0.4131419939577039,0.4131419939577039,0.0
SEUMLD,OADNet_text,4,123,1.0,1.0,mondrian,reject_rate,0.6,0.620845921450151,0.620845921450151,0.7235649546827795,0.7235649546827795,0.0
SEUMLD,OADNet_text,4,123,1.0,2.0,mondrian,reject_rate,0.6,0.620845921450151,0.620845921450151,1.3444108761329305,1.3444108761329305,0.0
SEUMLD,OADNet_text,4,2024,1.0,0.25,mondrian,reject_rate,0.6,0.6193353474320241,0.6193353474320241,0.25302114803625375,0.25302114803625375,0.0
SEUMLD,OADNet_text,4,2024,1.0,0.5,mondrian,reject_rate,0.6,0.6193353474320241,0.6193353474320241,0.4078549848942598,0.4078549848942598,0.0
SEUMLD,OADNet_text,4,2024,1.0,1.0,mondrian,reject_rate,0.6,0.6193353474320241,0.6193353474320241,0.7175226586102719,0.7175226586102719,0.0
SEUMLD,OADNet_text,4,2024,1.0,2.0,mondrian,reject_rate,0.6,0.6193353474320241,0.6193353474320241,1.336858006042296,1.336858006042296,0.0
SEUMLD,OADNet_text,4,2026,1.0,0.25,mondrian,reject_rate,0.6,0.6268882175226587,0.6268882175226587,0.25793051359516617,0.25793051359516617,0.0
SEUMLD,OADNet_text,4,2026,1.0,0.5,mondrian,reject_rate,0.6,0.6268882175226587,0.6268882175226587,0.41465256797583083,0.41465256797583083,0.0
SEUMLD,OADNet_text,4,2026,1.0,1.0,mondrian,reject_rate,0.6,0.6268882175226587,0.6268882175226587,0.7280966767371602,0.7280966767371602,0.0
SEUMLD,OADNet_text,4,2026,1.0,2.0,mondrian,reject_rate,0.6,0.6268882175226587,0.6268882175226587,1.3549848942598188,1.3549848942598188,0.0
MDPE,OADNet_text,0,2024,1.0,0.25,mondrian,reject_rate,0.6,0.6129385964912281,0.6129385964912281,0.2552083333333333,0.2552083333333333,0.0
MDPE,OADNet_text,0,2024,1.0,0.5,mondrian,reject_rate,0.6,0.6129385964912281,0.6129385964912281,0.40844298245614036,0.40844298245614036,0.0
MDPE,OADNet_text,0,2024,1.0,1.0,mondrian,reject_rate,0.6,0.6129385964912281,0.6129385964912281,0.7149122807017544,0.7149122807017544,0.0
MDPE,OADNet_text,0,2024,1.0,2.0,mondrian,reject_rate,0.6,0.6129385964912281,0.6129385964912281,1.3278508771929824,1.3278508771929824,0.0
MDPE,OADNet_text,0,2026,1.0,0.25,mondrian,reject_rate,0.6,0.6260964912280702,0.6260964912280702,0.27055921052631576,0.27055921052631576,0.0
MDPE,OADNet_text,0,2026,1.0,0.5,mondrian,reject_rate,0.6,0.6260964912280702,0.6260964912280702,0.4270833333333333,0.4270833333333333,0.0
MDPE,OADNet_text,0,2026,1.0,1.0,mondrian,reject_rate,0.6,0.6260964912280702,0.6260964912280702,0.7401315789473685,0.7401315789473685,0.0
MDPE,OADNet_text,0,2026,1.0,2.0,mondrian,reject_rate,0.6,0.6260964912280702,0.6260964912280702,1.3662280701754386,1.3662280701754386,0.0
MDPE,OADNet_text,1,42,1.0,0.25,mondrian,reject_rate,0.6,0.625,0.625,0.26480263157894735,0.26480263157894735,0.0
MDPE,OADNet_text,1,42,1.0,0.5,mondrian,reject_rate,0.6,0.625,0.625,0.42105263157894735,0.42105263157894735,0.0
MDPE,OADNet_text,1,42,1.0,1.0,mondrian,reject_rate,0.6,0.625,0.625,0.7335526315789473,0.7335526315789473,0.0
MDPE,OADNet_text,1,42,1.0,2.0,mondrian,reject_rate,0.6,0.625,0.625,1.3585526315789473,1.3585526315789473,0.0
MDPE,OADNet_text,1,2024,1.0,0.25,mondrian,reject_rate,0.6,0.6271929824561403,0.6271929824561403,0.28618421052631576,0.28618421052631576,0.0
MDPE,OADNet_text,1,2024,1.0,0.5,mondrian,reject_rate,0.6,0.6271929824561403,0.6271929824561403,0.44298245614035087,0.44298245614035087,0.0
MDPE,OADNet_text,1,2024,1.0,1.0,mondrian,reject_rate,0.6,0.6271929824561403,0.6271929824561403,0.756578947368421,0.756578947368421,0.0
MDPE,OADNet_text,1,2024,1.0,2.0,mondrian,reject_rate,0.6,0.6271929824561403,0.6271929824561403,1.3837719298245614,1.3837719298245614,0.0
MDPE,OADNet_text,1,2026,1.0,0.25,mondrian,reject_rate,0.6,0.6052631578947368,0.6052631578947368,0.26096491228070173,0.26096491228070173,0.0
MDPE,OADNet_text,1,2026,1.0,0.5,mondrian,reject_rate,0.6,0.6052631578947368,0.6052631578947368,0.41228070175438597,0.41228070175438597,0.0
MDPE,OADNet_text,1,2026,1.0,1.0,mondrian,reject_rate,0.6,0.6052631578947368,0.6052631578947368,0.7149122807017544,0.7149122807017544,0.0
MDPE,OADNet_text,1,2026,1.0,2.0,mondrian,reject_rate,0.6,0.6052631578947368,0.6052631578947368,1.3201754385964912,1.3201754385964912,0.0
MDPE,OADNet_text,2,123,1.0,0.25,mondrian,reject_rate,0.6,0.6263383297644539,0.6263383297644539,0.2700749464668094,0.2700749464668094,0.0
MDPE,OADNet_text,2,123,1.0,0.5,mondrian,reject_rate,0.6,0.6263383297644539,0.6263383297644539,0.4266595289079229,0.4266595289079229,0.0
MDPE,OADNet_text,2,123,1.0,1.0,mondrian,reject_rate,0.6,0.6263383297644539,0.6263383297644539,0.7398286937901499,0.7398286937901499,0.0
MDPE,OADNet_text,2,123,1.0,2.0,mondrian,reject_rate,0.6,0.6263383297644539,0.6263383297644539,1.366167023554604,1.366167023554604,0.0
MDPE,OADNet_text,3,42,1.0,0.25,mondrian,reject_rate,0.6,0.6228070175438597,0.6228070175438597,0.2719298245614035,0.2719298245614035,0.0
MDPE,OADNet_text,3,42,1.0,0.5,mondrian,reject_rate,0.6,0.6228070175438597,0.6228070175438597,0.4276315789473684,0.4276315789473684,0.0
MDPE,OADNet_text,3,42,1.0,1.0,mondrian,reject_rate,0.6,0.6228070175438597,0.6228070175438597,0.7390350877192983,0.7390350877192983,0.0
MDPE,OADNet_text,3,42,1.0,2.0,mondrian,reject_rate,0.6,0.6228070175438597,0.6228070175438597,1.361842105263158,1.361842105263158,0.0
MDPE,OADNet_text,3,123,1.0,0.25,mondrian,reject_rate,0.6,0.5921052631578947,0.5921052631578947,0.28289473684210525,0.28289473684210525,0.0
MDPE,OADNet_text,3,123,1.0,0.5,mondrian,reject_rate,0.6,0.5921052631578947,0.5921052631578947,0.4309210526315789,0.4309210526315789,0.0
MDPE,OADNet_text,3,123,1.0,1.0,mondrian,reject_rate,0.6,0.5921052631578947,0.5921052631578947,0.7269736842105263,0.7269736842105263,0.0
MDPE,OADNet_text,3,123,1.0,2.0,mondrian,reject_rate,0.6,0.5921052631578947,0.5921052631578947,1.319078947368421,1.319078947368421,0.0
MDPE,OADNet_text,4,123,1.0,0.25,mondrian,reject_rate,0.6,0.5784851811196488,0.5784851811196488,0.2851262349066959,0.2851262349066959,0.0
MDPE,OADNet_text,4,123,1.0,0.5,mondrian,reject_rate,0.6,0.5784851811196488,0.5784851811196488,0.4297475301866081,0.4297475301866081,0.0
MDPE,OADNet_text,4,123,1.0,1.0,mondrian,reject_rate,0.6,0.5784851811196488,0.5784851811196488,0.7189901207464325,0.7189901207464325,0.0
MDPE,OADNet_text,4,123,1.0,2.0,mondrian,reject_rate,0.6,0.5784851811196488,0.5784851811196488,1.2974753018660812,1.2974753018660812,0.0
MDPE,OADNet_text,4,2024,1.0,0.25,mondrian,reject_rate,0.6,0.6114160263446762,0.6114160263446762,0.25933040614709113,0.25933040614709113,0.0
MDPE,OADNet_text,4,2024,1.0,0.5,mondrian,reject_rate,0.6,0.6114160263446762,0.6114160263446762,0.4121844127332602,0.4121844127332602,0.0
MDPE,OADNet_text,4,2024,1.0,1.0,mondrian,reject_rate,0.6,0.6114160263446762,0.6114160263446762,0.7178924259055982,0.7178924259055982,0.0
MDPE,OADNet_text,4,2024,1.0,2.0,mondrian,reject_rate,0.6,0.6114160263446762,0.6114160263446762,1.3293084522502745,1.3293084522502745,0.0
MDPE,OADNet_text,4,2026,1.0,0.25,mondrian,reject_rate,0.6,0.6267837541163557,0.6267837541163557,0.25987925356750824,0.25987925356750824,0.0
MDPE,OADNet_text,4,2026,1.0,0.5,mondrian,reject_rate,0.6,0.6267837541163557,0.6267837541163557,0.41657519209659716,0.41657519209659716,0.0
MDPE,OADNet_text,4,2026,1.0,1.0,mondrian,reject_rate,0.6,0.6267837541163557,0.6267837541163557,0.7299670691547749,0.7299670691547749,0.0
MDPE,OADNet_text,4,2026,1.0,2.0,mondrian,reject_rate,0.6,0.6267837541163557,0.6267837541163557,1.3567508232711307,1.3567508232711307,0.0
SEUMLD,OADNet_text,1,42,1.0,0.25,mondrian,reject_rate,0.7,0.6834645669291338,0.6834645669291338,0.2637795275590551,0.2637795275590551,0.0
SEUMLD,OADNet_text,1,42,1.0,0.5,mondrian,reject_rate,0.7,0.6834645669291338,0.6834645669291338,0.4346456692913386,0.4346456692913386,0.0
SEUMLD,OADNet_text,1,42,1.0,1.0,mondrian,reject_rate,0.7,0.6834645669291338,0.6834645669291338,0.7763779527559055,0.7763779527559055,0.0
SEUMLD,OADNet_text,1,42,1.0,2.0,mondrian,reject_rate,0.7,0.6834645669291338,0.6834645669291338,1.4598425196850393,1.4598425196850393,0.0
SEUMLD,OADNet_text,1,2026,1.0,0.25,mondrian,reject_rate,0.7,0.6755905511811023,0.6755905511811023,0.24133858267716535,0.24133858267716535,0.0
SEUMLD,OADNet_text,1,2026,1.0,0.5,mondrian,reject_rate,0.7,0.6755905511811023,0.6755905511811023,0.41023622047244096,0.41023622047244096,0.0
SEUMLD,OADNet_text,1,2026,1.0,1.0,mondrian,reject_rate,0.7,0.6755905511811023,0.6755905511811023,0.7480314960629921,0.7480314960629921,0.0
SEUMLD,OADNet_text,1,2026,1.0,2.0,mondrian,reject_rate,0.7,0.6755905511811023,0.6755905511811023,1.4236220472440946,1.4236220472440946,0.0
SEUMLD,OADNet_text,2,7,1.0,0.25,mondrian,reject_rate,0.7,0.7017828200972447,0.7017828200972447,0.2516207455429498,0.2516207455429498,0.0
SEUMLD,OADNet_text,2,7,1.0,0.5,mondrian,reject_rate,0.7,0.7017828200972447,0.7017828200972447,0.42706645056726095,0.42706645056726095,0.0
SEUMLD,OADNet_text,2,7,1.0,1.0,mondrian,reject_rate,0.7,0.7017828200972447,0.7017828200972447,0.7779578606158833,0.7779578606158833,0.0
SEUMLD,OADNet_text,2,7,1.0,2.0,mondrian,reject_rate,0.7,0.7017828200972447,0.7017828200972447,1.4797406807131281,1.4797406807131281,0.0
SEUMLD,OADNet_text,2,123,1.0,0.25,mondrian,reject_rate,0.7,0.6742301458670988,0.6742301458670988,0.25283630470016205,0.25283630470016205,0.0
SEUMLD,OADNet_text,2,123,1.0,0.5,mondrian,reject_rate,0.7,0.6742301458670988,0.6742301458670988,0.4213938411669368,0.4213938411669368,0.0
SEUMLD,OADNet_text,2,123,1.0,1.0,mondrian,reject_rate,0.7,0.6742301458670988,0.6742301458670988,0.7585089141004863,0.7585089141004863,0.0
SEUMLD,OADNet_text,2,123,1.0,2.0,mondrian,reject_rate,0.7,0.6742301458670988,0.6742301458670988,1.432739059967585,1.432739059967585,0.0
SEUMLD,OADNet_text,2,2024,1.0,0.25,mondrian,reject_rate,0.7,0.7115072933549432,0.7115072933549432,0.25567260940032416,0.25567260940032416,0.0
SEUMLD,OADNet_text,2,2024,1.0,0.5,mondrian,reject_rate,0.7,0.7115072933549432,0.7115072933549432,0.43354943273906,0.43354943273906,0.0
SEUMLD,OADNet_text,2,2024,1.0,1.0,mondrian,reject_rate,0.7,0.7115072933549432,0.7115072933549432,0.7893030794165316,0.7893030794165316,0.0
SEUMLD,OADNet_text,2,2024,1.0,2.0,mondrian,reject_rate,0.7,0.7115072933549432,0.7115072933549432,1.5008103727714748,1.5008103727714748,0.0
SEUMLD,OADNet_audio,0,7,1.0,0.25,mondrian,reject_rate,0.7,0.7044410413476263,0.7044410413476263,0.3093415007656968,0.3093415007656968,0.0
SEUMLD,OADNet_audio,0,7,1.0,0.5,mondrian,reject_rate,0.7,0.7044410413476263,0.7044410413476263,0.48545176110260335,0.48545176110260335,0.0
SEUMLD,OADNet_audio,0,7,1.0,1.0,mondrian,reject_rate,0.7,0.7044410413476263,0.7044410413476263,0.8376722817764165,0.8376722817764165,0.0
SEUMLD,OADNet_audio,0,7,1.0,2.0,mondrian,reject_rate,0.7,0.7044410413476263,0.7044410413476263,1.542113323124043,1.542113323124043,0.0
SEUMLD,OADNet_audio,0,2024,1.0,0.25,mondrian,reject_rate,0.7,0.7105666156202144,0.7105666156202144,0.2833078101071976,0.2833078101071976,0.0
SEUMLD,OADNet_audio,0,2024,1.0,0.5,mondrian,reject_rate,0.7,0.7105666156202144,0.7105666156202144,0.4609494640122512,0.4609494640122512,0.0
SEUMLD,OADNet_audio,0,2024,1.0,1.0,mondrian,reject_rate,0.7,0.7105666156202144,0.7105666156202144,0.8162327718223583,0.8162327718223583,0.0
SEUMLD,OADNet_audio,0,2024,1.0,2.0,mondrian,reject_rate,0.7,0.7105666156202144,0.7105666156202144,1.5267993874425727,1.5267993874425727,0.0
SEUMLD,OADNet_audio,2,2024,1.0,0.25,mondrian,reject_rate,0.7,0.6839546191247974,0.6839546191247974,0.28119935170178284,0.28119935170178284,0.0
SEUMLD,OADNet_audio,2,2024,1.0,0.5,mondrian,reject_rate,0.7,0.6839546191247974,0.6839546191247974,0.4521880064829822,0.4521880064829822,0.0
SEUMLD,OADNet_audio,2,2024,1.0,1.0,mondrian,reject_rate,0.7,0.6839546191247974,0.6839546191247974,0.7941653160453809,0.7941653160453809,0.0
SEUMLD,OADNet_audio,2,2024,1.0,2.0,mondrian,reject_rate,0.7,0.6839546191247974,0.6839546191247974,1.4781199351701784,1.4781199351701784,0.0
MDPE,OADNet_text,2,2026,1.0,0.25,mondrian,reject_rate,0.7,0.7098501070663812,0.7098501070663812,0.24919700214132762,0.24919700214132762,0.0
MDPE,OADNet_text,2,2026,1.0,0.5,mondrian,reject_rate,0.7,0.7098501070663812,0.7098501070663812,0.4266595289079229,0.4266595289079229,0.0
MDPE,OADNet_text,2,2026,1.0,1.0,mondrian,reject_rate,0.7,0.7098501070663812,0.7098501070663812,0.7815845824411135,0.7815845824411135,0.0
MDPE,OADNet_text,2,2026,1.0,2.0,mondrian,reject_rate,0.7,0.7098501070663812,0.7098501070663812,1.4914346895074946,1.4914346895074946,0.0
MDPE,OADNet_text,3,7,1.0,0.25,mondrian,reject_rate,0.7,0.6743421052631579,0.6743421052631579,0.2617872807017544,0.2617872807017544,0.0
MDPE,OADNet_text,3,7,1.0,0.5,mondrian,reject_rate,0.7,0.6743421052631579,0.6743421052631579,0.4303728070175439,0.4303728070175439,0.0
MDPE,OADNet_text,3,7,1.0,1.0,mondrian,reject_rate,0.7,0.6743421052631579,0.6743421052631579,0.7675438596491229,0.7675438596491229,0.0
MDPE,OADNet_text,3,7,1.0,2.0,mondrian,reject_rate,0.7,0.6743421052631579,0.6743421052631579,1.4418859649122806,1.4418859649122806,0.0
MDPE,OADNet_text,3,7,2.0,0.25,mondrian,reject_rate,0.7,0.7203947368421053,0.6743421052631579,0.27658991228070173,0.2870065789473684,-0.010416666666666685
MDPE,OADNet_text,3,7,2.0,0.5,mondrian,reject_rate,0.7,0.7203947368421053,0.6743421052631579,0.45668859649122806,0.4555921052631579,0.001096491228070151
MDPE,OADNet_text,3,7,2.0,1.0,mondrian,reject_rate,0.7,0.7203947368421053,0.6743421052631579,0.8168859649122807,0.7927631578947368,0.02412280701754388
MDPE,OADNet_text,3,7,2.0,2.0,mondrian,reject_rate,0.7,0.7203947368421053,0.6743421052631579,1.537280701754386,1.4671052631578947,0.07017543859649122
MDPE,OADNet_text,4,42,1.0,0.25,mondrian,reject_rate,0.7,0.6706915477497256,0.6706915477497256,0.2521953896816685,0.2521953896816685,0.0
MDPE,OADNet_text,4,42,1.0,0.5,mondrian,reject_rate,0.7,0.6706915477497256,0.6706915477497256,0.41986827661909987,0.41986827661909987,0.0
MDPE,OADNet_text,4,42,1.0,1.0,mondrian,reject_rate,0.7,0.6706915477497256,0.6706915477497256,0.7552140504939627,0.7552140504939627,0.0
MDPE,OADNet_text,4,42,1.0,2.0,mondrian,reject_rate,0.7,0.6706915477497256,0.6706915477497256,1.4259055982436883,1.4259055982436883,0.0
MDPE,OADNet_audio,1,2026,1.0,0.25,mondrian,reject_rate,0.7,0.7127192982456141,0.7127192982456141,0.30098684210526316,0.30098684210526316,0.0
MDPE,OADNet_audio,1,2026,1.0,0.5,mondrian,reject_rate,0.7,0.7127192982456141,0.7127192982456141,0.4791666666666667,0.4791666666666667,0.0
MDPE,OADNet_audio,1,2026,1.0,1.0,mondrian,reject_rate,0.7,0.7127192982456141,0.7127192982456141,0.8355263157894737,0.8355263157894737,0.0
MDPE,OADNet_audio,1,2026,1.0,2.0,mondrian,reject_rate,0.7,0.7127192982456141,0.7127192982456141,1.5482456140350878,1.5482456140350878,0.0
MDPE,OADNet_audio,2,42,1.0,0.25,mondrian,reject_rate,0.7,0.6873661670235546,0.6873661670235546,0.3099571734475375,0.3099571734475375,0.0
MDPE,OADNet_audio,2,42,1.0,0.5,mondrian,reject_rate,0.7,0.6873661670235546,0.6873661670235546,0.4817987152034261,0.4817987152034261,0.0
MDPE,OADNet_audio,2,42,1.0,1.0,mondrian,reject_rate,0.7,0.6873661670235546,0.6873661670235546,0.8254817987152034,0.8254817987152034,0.0
MDPE,OADNet_audio,2,42,1.0,2.0,mondrian,reject_rate,0.7,0.6873661670235546,0.6873661670235546,1.5128479657387581,1.5128479657387581,0.0
MDPE,OADNet_audio,2,42,2.0,0.25,mondrian,reject_rate,0.7,0.7269807280513919,0.6873661670235546,0.32735546038543895,0.34528907922912205,-0.017933618843683108
MDPE,OADNet_audio,2,42,2.0,0.5,mondrian,reject_rate,0.7,0.7269807280513919,0.6873661670235546,0.5091006423982869,0.5171306209850107,-0.00802997858672383
MDPE,OADNet_audio,2,42,2.0,1.0,mondrian,reject_rate,0.7,0.7269807280513919,0.6873661670235546,0.8725910064239829,0.860813704496788,0.01177730192719495
MDPE,OADNet_audio,2,42,2.0,2.0,mondrian,reject_rate,0.7,0.7269807280513919,0.6873661670235546,1.5995717344753748,1.5481798715203425,0.051391862955032286
MDPE,OADNet_audio,2,123,1.0,0.25,mondrian,reject_rate,0.7,0.683083511777302,0.683083511777302,0.30674518201284795,0.30674518201284795,0.0
MDPE,OADNet_audio,2,123,1.0,0.5,mondrian,reject_rate,0.7,0.683083511777302,0.683083511777302,0.47751605995717344,0.47751605995717344,0.0
MDPE,OADNet_audio,2,123,1.0,1.0,mondrian,reject_rate,0.7,0.683083511777302,0.683083511777302,0.8190578158458244,0.8190578158458244,0.0
MDPE,OADNet_audio,2,123,1.0,2.0,mondrian,reject_rate,0.7,0.683083511777302,0.683083511777302,1.5021413276231264,1.5021413276231264,0.0
MDPE,OADNet_audio,2,123,2.0,0.25,mondrian,reject_rate,0.7,0.728051391862955,0.683083511777302,0.3351177730192719,0.3495717344753747,-0.014453961456102782
MDPE,OADNet_audio,2,123,2.0,0.5,mondrian,reject_rate,0.7,0.728051391862955,0.683083511777302,0.5171306209850107,0.5203426124197003,-0.0032119914346895317
MDPE,OADNet_audio,2,123,2.0,1.0,mondrian,reject_rate,0.7,0.728051391862955,0.683083511777302,0.8811563169164882,0.8618843683083511,0.01927194860813708
MDPE,OADNet_audio,2,123,2.0,2.0,mondrian,reject_rate,0.7,0.728051391862955,0.683083511777302,1.6092077087794432,1.544967880085653,0.06423982869379019
MDPE,OADNet_audio,2,2024,1.0,0.25,mondrian,reject_rate,0.7,0.6937901498929336,0.6937901498929336,0.30513918629550324,0.30513918629550324,0.0
MDPE,OADNet_audio,2,2024,1.0,0.5,mondrian,reject_rate,0.7,0.6937901498929336,0.6937901498929336,0.4785867237687366,0.4785867237687366,0.0
MDPE,OADNet_audio,2,2024,1.0,1.0,mondrian,reject_rate,0.7,0.6937901498929336,0.6937901498929336,0.8254817987152034,0.8254817987152034,0.0
MDPE,OADNet_audio,2,2024,1.0,2.0,mondrian,reject_rate,0.7,0.6937901498929336,0.6937901498929336,1.519271948608137,1.519271948608137,0.0
MDPE,OADNet_audio,2,2024,2.0,0.25,mondrian,reject_rate,0.7,0.7291220556745182,0.6937901498929336,0.3428800856531049,0.3490364025695932,-0.006156316916488269
MDPE,OADNet_audio,2,2024,2.0,0.5,mondrian,reject_rate,0.7,0.7291220556745182,0.6937901498929336,0.5251605995717344,0.5224839400428265,0.002676659528907943
MDPE,OADNet_audio,2,2024,2.0,1.0,mondrian,reject_rate,0.7,0.7291220556745182,0.6937901498929336,0.8897216274089935,0.8693790149892934,0.020342612419700146
MDPE,OADNet_audio,2,2024,2.0,2.0,mondrian,reject_rate,0.7,0.7291220556745182,0.6937901498929336,1.6188436830835118,1.563169164882227,0.05567451820128477
MDPE,OADNet_audio,4,2024,1.0,0.25,mondrian,reject_rate,0.7,0.6871569703622393,0.6871569703622393,0.31009879253567507,0.31009879253567507,0.0
MDPE,OADNet_audio,4,2024,1.0,0.5,mondrian,reject_rate,0.7,0.6871569703622393,0.6871569703622393,0.4818880351262349,0.4818880351262349,0.0
MDPE,OADNet_audio,4,2024,1.0,1.0,mondrian,reject_rate,0.7,0.6871569703622393,0.6871569703622393,0.8254665203073546,0.8254665203073546,0.0
MDPE,OADNet_audio,4,2024,1.0,2.0,mondrian,reject_rate,0.7,0.6871569703622393,0.6871569703622393,1.512623490669594,1.512623490669594,0.0
SEUMLD,OADNet_audio,0,2026,1.0,0.25,mondrian,reject_rate,0.8,0.7840735068912711,0.7840735068912711,0.30781010719754975,0.30781010719754975,0.0
SEUMLD,OADNet_audio,0,2026,1.0,0.5,mondrian,reject_rate,0.8,0.7840735068912711,0.7840735068912711,0.5038284839203675,0.5038284839203675,0.0
SEUMLD,OADNet_audio,0,2026,1.0,1.0,mondrian,reject_rate,0.8,0.7840735068912711,0.7840735068912711,0.8958652373660031,0.8958652373660031,0.0
SEUMLD,OADNet_audio,0,2026,1.0,2.0,mondrian,reject_rate,0.8,0.7840735068912711,0.7840735068912711,1.6799387442572742,1.6799387442572742,0.0
SEUMLD,OADNet_audio,1,7,1.0,0.25,mondrian,reject_rate,0.8,0.8251968503937008,0.8251968503937008,0.25984251968503935,0.25984251968503935,0.0
SEUMLD,OADNet_audio,1,7,1.0,0.5,mondrian,reject_rate,0.8,0.8251968503937008,0.8251968503937008,0.46614173228346456,0.46614173228346456,0.0
SEUMLD,OADNet_audio,1,7,1.0,1.0,mondrian,reject_rate,0.8,0.8251968503937008,0.8251968503937008,0.878740157480315,0.878740157480315,0.0
SEUMLD,OADNet_audio,1,7,1.0,2.0,mondrian,reject_rate,0.8,0.8251968503937008,0.8251968503937008,1.7039370078740157,1.7039370078740157,0.0
SEUMLD,OADNet_audio,1,42,1.0,0.25,mondrian,reject_rate,0.8,0.8188976377952756,0.8188976377952756,0.262992125984252,0.262992125984252,0.0
SEUMLD,OADNet_audio,1,42,1.0,0.5,mondrian,reject_rate,0.8,0.8188976377952756,0.8188976377952756,0.46771653543307085,0.46771653543307085,0.0
SEUMLD,OADNet_audio,1,42,1.0,1.0,mondrian,reject_rate,0.8,0.8188976377952756,0.8188976377952756,0.8771653543307086,0.8771653543307086,0.0
SEUMLD,OADNet_audio,1,42,1.0,2.0,mondrian,reject_rate,0.8,0.8188976377952756,0.8188976377952756,1.6960629921259842,1.6960629921259842,0.0
SEUMLD,OADNet_audio,1,2024,1.0,0.25,mondrian,reject_rate,0.8,0.7937007874015748,0.7937007874015748,0.262992125984252,0.262992125984252,0.0
SEUMLD,OADNet_audio,1,2024,1.0,0.5,mondrian,reject_rate,0.8,0.7937007874015748,0.7937007874015748,0.46141732283464565,0.46141732283464565,0.0
SEUMLD,OADNet_audio,1,2024,1.0,1.0,mondrian,reject_rate,0.8,0.7937007874015748,0.7937007874015748,0.8582677165354331,0.8582677165354331,0.0
SEUMLD,OADNet_audio,1,2024,1.0,2.0,mondrian,reject_rate,0.8,0.7937007874015748,0.7937007874015748,1.6519685039370078,1.6519685039370078,0.0
SEUMLD,OADNet_audio,1,2026,1.0,0.25,mondrian,reject_rate,0.8,0.815748031496063,0.815748031496063,0.2622047244094488,0.2622047244094488,0.0
SEUMLD,OADNet_audio,1,2026,1.0,0.5,mondrian,reject_rate,0.8,0.815748031496063,0.815748031496063,0.46614173228346456,0.46614173228346456,0.0
SEUMLD,OADNet_audio,1,2026,1.0,1.0,mondrian,reject_rate,0.8,0.815748031496063,0.815748031496063,0.8740157480314961,0.8740157480314961,0.0
SEUMLD,OADNet_audio,1,2026,1.0,2.0,mondrian,reject_rate,0.8,0.815748031496063,0.815748031496063,1.689763779527559,1.689763779527559,0.0
SEUMLD,OADNet_audio,3,7,1.0,0.25,mondrian,reject_rate,0.8,0.7929984779299848,0.7929984779299848,0.3093607305936073,0.3093607305936073,0.0
SEUMLD,OADNet_audio,3,7,1.0,0.5,mondrian,reject_rate,0.8,0.7929984779299848,0.7929984779299848,0.5076103500761036,0.5076103500761036,0.0
SEUMLD,OADNet_audio,3,7,1.0,1.0,mondrian,reject_rate,0.8,0.7929984779299848,0.7929984779299848,0.9041095890410958,0.9041095890410958,0.0
SEUMLD,OADNet_audio,3,7,1.0,2.0,mondrian,reject_rate,0.8,0.7929984779299848,0.7929984779299848,1.6971080669710807,1.6971080669710807,0.0
SEUMLD,OADNet_audio,3,7,2.0,0.25,mondrian,reject_rate,0.8,0.802130898021309,0.7929984779299848,0.3177321156773212,0.3184931506849315,-0.0007610350076103223
SEUMLD,OADNet_audio,3,7,2.0,0.5,mondrian,reject_rate,0.8,0.802130898021309,0.7929984779299848,0.5182648401826484,0.5167427701674278,0.0015220700152206446
SEUMLD,OADNet_audio,3,7,2.0,1.0,mondrian,reject_rate,0.8,0.802130898021309,0.7929984779299848,0.9193302891933028,0.91324200913242,0.0060882800608828
SEUMLD,OADNet_audio,3,7,2.0,2.0,mondrian,reject_rate,0.8,0.802130898021309,0.7929984779299848,1.721461187214612,1.7062404870624048,0.015220700152207112
SEUMLD,OADNet_audio,3,7,3.0,0.25,mondrian,reject_rate,0.8,0.817351598173516,0.7929984779299848,0.3063165905631659,0.3276255707762557,-0.0213089802130898
SEUMLD,OADNet_audio,3,7,3.0,0.5,mondrian,reject_rate,0.8,0.817351598173516,0.7929984779299848,0.510654490106545,0.525875190258752,-0.015220700152207
SEUMLD,OADNet_audio,3,7,3.0,1.0,mondrian,reject_rate,0.8,0.817351598173516,0.7929984779299848,0.9193302891933028,0.9223744292237442,-0.0030441400304414
SEUMLD,OADNet_audio,3,7,3.0,2.0,mondrian,reject_rate,0.8,0.817351598173516,0.7929984779299848,1.7366818873668188,1.7153729071537291,0.02130898021308969
SEUMLD,OADNet_audio,3,7,5.0,0.25,mondrian,reject_rate,0.8,0.8203957382039574,0.7929984779299848,0.3070776255707763,0.3458904109589041,-0.038812785388127824
SEUMLD,OADNet_audio,3,7,5.0,0.5,mondrian,reject_rate,0.8,0.8203957382039574,0.7929984779299848,0.5121765601217656,0.5441400304414004,-0.03196347031963476
SEUMLD,OADNet_audio,3,7,5.0,1.0,mondrian,reject_rate,0.8,0.8203957382039574,0.7929984779299848,0.9223744292237442,0.9406392694063926,-0.0182648401826484
SEUMLD,OADNet_audio,3,7,5.0,2.0,mondrian,reject_rate,0.8,0.8203957382039574,0.7929984779299848,1.7427701674277016,1.7336377473363775,0.00913242009132409
SEUMLD,OADNet_audio,3,7,10.0,0.25,mondrian,reject_rate,0.8,0.821917808219178,0.7929984779299848,0.3074581430745814,0.3915525114155251,-0.08409436834094369
SEUMLD,OADNet_audio,3,7,10.0,0.5,mondrian,reject_rate,0.8,0.821917808219178,0.7929984779299848,0.512937595129376,0.5898021308980214,-0.07686453576864538
SEUMLD,OADNet_audio,3,7,10.0,1.0,mondrian,reject_rate,0.8,0.821917808219178,0.7929984779299848,0.923896499238965,0.9863013698630136,-0.06240487062404865
SEUMLD,OADNet_audio,3,7,10.0,2.0,mondrian,reject_rate,0.8,0.821917808219178,0.7929984779299848,1.7458143074581431,1.7792998477929984,-0.03348554033485529
SEUMLD,OADNet_audio,3,42,1.0,0.25,mondrian,reject_rate,0.8,0.8249619482496194,0.8249619482496194,0.2975646879756469,0.2975646879756469,0.0
SEUMLD,OADNet_audio,3,42,1.0,0.5,mondrian,reject_rate,0.8,0.8249619482496194,0.8249619482496194,0.5038051750380518,0.5038051750380518,0.0
SEUMLD,OADNet_audio,3,42,1.0,1.0,mondrian,reject_rate,0.8,0.8249619482496194,0.8249619482496194,0.9162861491628614,0.9162861491628614,0.0
SEUMLD,OADNet_audio,3,42,1.0,2.0,mondrian,reject_rate,0.8,0.8249619482496194,0.8249619482496194,1.7412480974124809,1.7412480974124809,0.0
SEUMLD,OADNet_audio,3,123,1.0,0.25,mondrian,reject_rate,0.8,0.7823439878234398,0.7823439878234398,0.3127853881278539,0.3127853881278539,0.0
SEUMLD,OADNet_audio,3,123,1.0,0.5,mondrian,reject_rate,0.8,0.7823439878234398,0.7823439878234398,0.5083713850837138,0.5083713850837138,0.0
SEUMLD,OADNet_audio,3,123,1.0,1.0,mondrian,reject_rate,0.8,0.7823439878234398,0.7823439878234398,0.8995433789954338,0.8995433789954338,0.0
SEUMLD,OADNet_audio,3,123,1.0,2.0,mondrian,reject_rate,0.8,0.7823439878234398,0.7823439878234398,1.6818873668188736,1.6818873668188736,0.0
SEUMLD,OADNet_audio,3,123,2.0,0.25,mondrian,reject_rate,0.8,0.7945205479452054,0.7823439878234398,0.3219178082191781,0.3219178082191781,0.0
SEUMLD,OADNet_audio,3,123,2.0,0.5,mondrian,reject_rate,0.8,0.7945205479452054,0.7823439878234398,0.5205479452054794,0.517503805175038,0.0030441400304414
SEUMLD,OADNet_audio,3,123,2.0,1.0,mondrian,reject_rate,0.8,0.7945205479452054,0.7823439878234398,0.9178082191780822,0.908675799086758,0.0091324200913242
SEUMLD,OADNet_audio,3,123,2.0,2.0,mondrian,reject_rate,0.8,0.7945205479452054,0.7823439878234398,1.7123287671232876,1.691019786910198,0.02130898021308969
SEUMLD,OADNet_audio,3,123,3.0,0.25,mondrian,reject_rate,0.8,0.8036529680365296,0.7823439878234398,0.3135464231354642,0.3310502283105023,-0.01750380517503808
SEUMLD,OADNet_audio,3,123,3.0,0.5,mondrian,reject_rate,0.8,0.8036529680365296,0.7823439878234398,0.5144596651445966,0.5266362252663622,-0.0121765601217656
SEUMLD,OADNet_audio,3,123,3.0,1.0,mondrian,reject_rate,0.8,0.8036529680365296,0.7823439878234398,0.9162861491628614,0.9178082191780822,-0.0015220700152207556
SEUMLD,OADNet_audio,3,123,3.0,2.0,mondrian,reject_rate,0.8,0.8036529680365296,0.7823439878234398,1.7199391171993912,1.700152207001522,0.019786910197869156
SEUMLD,OADNet_audio,3,123,5.0,0.25,mondrian,reject_rate,0.8,0.8112633181126332,0.7823439878234398,0.310882800608828,0.3493150684931507,-0.03843226788432269
SEUMLD,OADNet_audio,3,123,5.0,0.5,mondrian,reject_rate,0.8,0.8112633181126332,0.7823439878234398,0.5136986301369864,0.5449010654490106,-0.031202435312024268
SEUMLD,OADNet_audio,3,123,5.0,1.0,mondrian,reject_rate,0.8,0.8112633181126332,0.7823439878234398,0.9193302891933028,0.9360730593607306,-0.016742770167427756
SEUMLD,OADNet_audio,3,123,5.0,2.0,mondrian,reject_rate,0.8,0.8112633181126332,0.7823439878234398,1.730593607305936,1.7184170471841704,0.0121765601217656
SEUMLD,OADNet_audio,3,123,10.0,0.25,mondrian,reject_rate,0.8,0.8127853881278538,0.7823439878234398,0.3112633181126332,0.3949771689497717,-0.0837138508371385
SEUMLD,OADNet_audio,3,123,10.0,0.5,mondrian,reject_rate,0.8,0.8127853881278538,0.7823439878234398,0.5144596651445966,0.5905631659056316,-0.076103500761035
SEUMLD,OADNet_audio,3,123,10.0,1.0,mondrian,reject_rate,0.8,0.8127853881278538,0.7823439878234398,0.9208523592085236,0.9817351598173516,-0.060882800608828
SEUMLD,OADNet_audio,3,123,10.0,2.0,mondrian,reject_rate,0.8,0.8127853881278538,0.7823439878234398,1.7336377473363775,1.7640791476407915,-0.030441400304414
SEUMLD,OADNet_audio,3,2024,1.0,0.25,mondrian,reject_rate,0.8,0.7975646879756468,0.7975646879756468,0.2937595129375951,0.2937595129375951,0.0
SEUMLD,OADNet_audio,3,2024,1.0,0.5,mondrian,reject_rate,0.8,0.7975646879756468,0.7975646879756468,0.4931506849315068,0.4931506849315068,0.0
SEUMLD,OADNet_audio,3,2024,1.0,1.0,mondrian,reject_rate,0.8,0.7975646879756468,0.7975646879756468,0.8919330289193302,0.8919330289193302,0.0
SEUMLD,OADNet_audio,3,2024,1.0,2.0,mondrian,reject_rate,0.8,0.7975646879756468,0.7975646879756468,1.6894977168949772,1.6894977168949772,0.0
SEUMLD,OADNet_audio,3,2024,2.0,0.25,mondrian,reject_rate,0.8,0.821917808219178,0.7975646879756468,0.2983257229832572,0.30441400304414,-0.0060882800608828
SEUMLD,OADNet_audio,3,2024,2.0,0.5,mondrian,reject_rate,0.8,0.821917808219178,0.7975646879756468,0.5038051750380518,0.5038051750380518,0.0
SEUMLD,OADNet_audio,3,2024,2.0,1.0,mondrian,reject_rate,0.8,0.821917808219178,0.7975646879756468,0.9147640791476408,0.9025875190258752,0.0121765601217656
SEUMLD,OADNet_audio,3,2024,2.0,2.0,mondrian,reject_rate,0.8,0.821917808219178,0.7975646879756468,1.7366818873668188,1.700152207001522,0.0365296803652968
SEUMLD,OADNet_audio,3,2026,1.0,0.25,mondrian,reject_rate,0.8,0.8280060882800608,0.8280060882800608,0.2861491628614916,0.2861491628614916,0.0
SEUMLD,OADNet_audio,3,2026,1.0,0.5,mondrian,reject_rate,0.8,0.8280060882800608,0.8280060882800608,0.4931506849315068,0.4931506849315068,0.0
SEUMLD,OADNet_audio,3,2026,1.0,1.0,mondrian,reject_rate,0.8,0.8280060882800608,0.8280060882800608,0.9071537290715372,0.9071537290715372,0.0
SEUMLD,OADNet_audio,3,2026,1.0,2.0,mondrian,reject_rate,0.8,0.8280060882800608,0.8280060882800608,1.735159817351598,1.735159817351598,0.0
SEUMLD,OADNet_audio,4,7,1.0,0.25,mondrian,reject_rate,0.8,0.7764350453172205,0.7764350453172205,0.27416918429003023,0.27416918429003023,0.0
SEUMLD,OADNet_audio,4,7,1.0,0.5,mondrian,reject_rate,0.8,0.7764350453172205,0.7764350453172205,0.46827794561933533,0.46827794561933533,0.0
SEUMLD,OADNet_audio,4,7,1.0,1.0,mondrian,reject_rate,0.8,0.7764350453172205,0.7764350453172205,0.8564954682779456,0.8564954682779456,0.0
SEUMLD,OADNet_audio,4,7,1.0,2.0,mondrian,reject_rate,0.8,0.7764350453172205,0.7764350453172205,1.6329305135951662,1.6329305135951662,0.0
SEUMLD,OADNet_audio,4,7,2.0,0.25,mondrian,reject_rate,0.8,0.8006042296072508,0.7764350453172205,0.2862537764350453,0.29229607250755285,-0.006042296072507558
SEUMLD,OADNet_audio,4,7,2.0,0.5,mondrian,reject_rate,0.8,0.8006042296072508,0.7764350453172205,0.486404833836858,0.486404833836858,0.0
SEUMLD,OADNet_audio,4,7,2.0,1.0,mondrian,reject_rate,0.8,0.8006042296072508,0.7764350453172205,0.8867069486404834,0.8746223564954683,0.012084592145015116
SEUMLD,OADNet_audio,4,7,2.0,2.0,mondrian,reject_rate,0.8,0.8006042296072508,0.7764350453172205,1.6873111782477341,1.651057401812689,0.03625377643504524
SEUMLD,OADNet_audio,4,7,3.0,0.25,mondrian,reject_rate,0.8,0.8096676737160121,0.7764350453172205,0.29154078549848944,0.3104229607250755,-0.018882175226586084
SEUMLD,OADNet_audio,4,7,3.0,0.5,mondrian,reject_rate,0.8,0.8096676737160121,0.7764350453172205,0.49395770392749244,0.5045317220543807,-0.01057401812688824
SEUMLD,OADNet_audio,4,7,3.0,1.0,mondrian,reject_rate,0.8,0.8096676737160121,0.7764350453172205,0.8987915407854985,0.8927492447129909,0.006042296072507614
SEUMLD,OADNet_audio,4,7,3.0,2.0,mondrian,reject_rate,0.8,0.8096676737160121,0.7764350453172205,1.7084592145015105,1.6691842900302114,0.0392749244712991
SEUMLD,OADNet_audio,4,7,5.0,0.25,mondrian,reject_rate,0.8,0.8202416918429003,0.7764350453172205,0.3047583081570997,0.3466767371601209,-0.041918429003021174
SEUMLD,OADNet_audio,4,7,5.0,0.5,mondrian,reject_rate,0.8,0.8202416918429003,0.7764350453172205,0.5098187311178247,0.540785498489426,-0.03096676737160131
SEUMLD,OADNet_audio,4,7,5.0,1.0,mondrian,reject_rate,0.8,0.8202416918429003,0.7764350453172205,0.9199395770392749,0.9290030211480362,-0.009063444108761365
SEUMLD,OADNet_audio,4,7,5.0,2.0,mondrian,reject_rate,0.8,0.8202416918429003,0.7764350453172205,1.7401812688821752,1.7054380664652569,0.034743202416918306
SEUMLD,OADNet_audio,4,42,1.0,0.25,mondrian,reject_rate,0.8,0.7719033232628398,0.7719033232628398,0.28058912386706947,0.28058912386706947,0.0
SEUMLD,OADNet_audio,4,42,1.0,0.5,mondrian,reject_rate,0.8,0.7719033232628398,0.7719033232628398,0.4735649546827795,0.4735649546827795,0.0
SEUMLD,OADNet_audio,4,42,1.0,1.0,mondrian,reject_rate,0.8,0.7719033232628398,0.7719033232628398,0.8595166163141994,0.8595166163141994,0.0
SEUMLD,OADNet_audio,4,42,1.0,2.0,mondrian,reject_rate,0.8,0.7719033232628398,0.7719033232628398,1.6314199395770392,1.6314199395770392,0.0
SEUMLD,OADNet_audio,4,42,2.0,0.25,mondrian,reject_rate,0.8,0.8006042296072508,0.7719033232628398,0.2847432024169184,0.2926737160120846,-0.007930513595166166
SEUMLD,OADNet_audio,4,42,2.0,0.5,mondrian,reject_rate,0.8,0.8006042296072508,0.7719033232628398,0.48489425981873113,0.48564954682779454,-0.0007552870090634101
SEUMLD,OADNet_audio,4,42,2.0,1.0,mondrian,reject_rate,0.8,0.8006042296072508,0.7719033232628398,0.8851963746223565,0.8716012084592145,0.013595166163141936
SEUMLD,OADNet_audio,4,42,2.0,2.0,mondrian,reject_rate,0.8,0.8006042296072508,0.7719033232628398,1.6858006042296072,1.6435045317220545,0.04229607250755274
SEUMLD,OADNet_audio,4,42,3.0,0.25,mondrian,reject_rate,0.8,0.823262839879154,0.7719033232628398,0.2949395770392749,0.3047583081570997,-0.009818731117824775
SEUMLD,OADNet_audio,4,42,3.0,0.5,mondrian,reject_rate,0.8,0.823262839879154,0.7719033232628398,0.5007552870090635,0.49773413897280966,0.003021148036253807
SEUMLD,OADNet_audio,4,42,3.0,1.0,mondrian,reject_rate,0.8,0.823262839879154,0.7719033232628398,0.9123867069486404,0.8836858006042296,0.028700906344410804
SEUMLD,OADNet_audio,4,42,3.0,2.0,mondrian,reject_rate,0.8,0.823262839879154,0.7719033232628398,1.7356495468277946,1.6555891238670695,0.08006042296072513
SEUMLD,OADNet_audio,4,42,5.0,0.25,mondrian,reject_rate,0.8,0.824773413897281,0.7719033232628398,0.30438066465256797,0.32892749244712993,-0.024546827794561965
SEUMLD,OADNet_audio,4,42,5.0,0.5,mondrian,reject_rate,0.8,0.824773413897281,0.7719033232628398,0.5105740181268882,0.5219033232628398,-0.01132930513595165
SEUMLD,OADNet_audio,4,42,5.0,1.0,mondrian,reject_rate,0.8,0.824773413897281,0.7719033232628398,0.9229607250755287,0.9078549848942599,0.015105740181268867
SEUMLD,OADNet_audio,4,42,5.0,2.0,mondrian,reject_rate,0.8,0.824773413897281,0.7719033232628398,1.7477341389728096,1.6797583081570997,0.0679758308157099
SEUMLD,OADNet_audio,4,123,1.0,0.25,mondrian,reject_rate,0.8,0.7764350453172205,0.7764350453172205,0.2802114803625378,0.2802114803625378,0.0
SEUMLD,OADNet_audio,4,123,1.0,0.5,mondrian,reject_rate,0.8,0.7764350453172205,0.7764350453172205,0.4743202416918429,0.4743202416918429,0.0
SEUMLD,OADNet_audio,4,123,1.0,1.0,mondrian,reject_rate,0.8,0.7764350453172205,0.7764350453172205,0.8625377643504532,0.8625377643504532,0.0
SEUMLD,OADNet_audio,4,123,1.0,2.0,mondrian,reject_rate,0.8,0.7764350453172205,0.7764350453172205,1.6389728096676737,1.6389728096676737,0.0
SEUMLD,OADNet_audio,4,123,2.0,0.25,mondrian,reject_rate,0.8,0.8111782477341389,0.7764350453172205,0.2949395770392749,0.2983383685800604,-0.003398791540785484
SEUMLD,OADNet_audio,4,123,2.0,0.5,mondrian,reject_rate,0.8,0.8111782477341389,0.7764350453172205,0.49773413897280966,0.49244712990936557,0.0052870090634440925
SEUMLD,OADNet_audio,4,123,2.0,1.0,mondrian,reject_rate,0.8,0.8111782477341389,0.7764350453172205,0.9033232628398792,0.8806646525679759,0.0226586102719033
SEUMLD,OADNet_audio,4,123,2.0,2.0,mondrian,reject_rate,0.8,0.8111782477341389,0.7764350453172205,1.7145015105740182,1.6570996978851964,0.05740181268882183
SEUMLD,OADNet_audio,4,123,3.0,0.25,mondrian,reject_rate,0.8,0.824773413897281,0.7764350453172205,0.3013595166163142,0.3164652567975831,-0.015105740181268867
SEUMLD,OADNet_audio,4,123,3.0,0.5,mondrian,reject_rate,0.8,0.824773413897281,0.7764350453172205,0.5075528700906344,0.5105740181268882,-0.0030211480362537513
SEUMLD,OADNet_audio,4,123,3.0,1.0,mondrian,reject_rate,0.8,0.824773413897281,0.7764350453172205,0.9199395770392749,0.8987915407854985,0.02114803625377637
SEUMLD,OADNet_audio,4,123,3.0,2.0,mondrian,reject_rate,0.8,0.824773413897281,0.7764350453172205,1.744712990936556,1.6752265861027191,0.06948640483383683
SEUMLD,OADNet_audio,4,2024,1.0,0.25,mondrian,reject_rate,0.8,0.8096676737160121,0.8096676737160121,0.26435045317220546,0.26435045317220546,0.0
SEUMLD,OADNet_audio,4,2024,1.0,0.5,mondrian,reject_rate,0.8,0.8096676737160121,0.8096676737160121,0.46676737160120846,0.46676737160120846,0.0
SEUMLD,OADNet_audio,4,2024,1.0,1.0,mondrian,reject_rate,0.8,0.8096676737160121,0.8096676737160121,0.8716012084592145,0.8716012084592145,0.0
SEUMLD,OADNet_audio,4,2024,1.0,2.0,mondrian,reject_rate,0.8,0.8096676737160121,0.8096676737160121,1.6812688821752266,1.6812688821752266,0.0
SEUMLD,OADNet_audio,4,2026,1.0,0.25,mondrian,reject_rate,0.8,0.7824773413897281,0.7824773413897281,0.277190332326284,0.277190332326284,0.0
SEUMLD,OADNet_audio,4,2026,1.0,0.5,mondrian,reject_rate,0.8,0.7824773413897281,0.7824773413897281,0.472809667673716,0.472809667673716,0.0
SEUMLD,OADNet_audio,4,2026,1.0,1.0,mondrian,reject_rate,0.8,0.7824773413897281,0.7824773413897281,0.8640483383685801,0.8640483383685801,0.0
SEUMLD,OADNet_audio,4,2026,1.0,2.0,mondrian,reject_rate,0.8,0.7824773413897281,0.7824773413897281,1.646525679758308,1.646525679758308,0.0
SEUMLD,OADNet_audio,4,2026,2.0,0.25,mondrian,reject_rate,0.8,0.8217522658610272,0.7824773413897281,0.28700906344410876,0.29229607250755285,-0.0052870090634440925
SEUMLD,OADNet_audio,4,2026,2.0,0.5,mondrian,reject_rate,0.8,0.8217522658610272,0.7824773413897281,0.49244712990936557,0.4879154078549849,0.004531722054380682
SEUMLD,OADNet_audio,4,2026,2.0,1.0,mondrian,reject_rate,0.8,0.8217522658610272,0.7824773413897281,0.9033232628398792,0.879154078549849,0.024169184290030232
SEUMLD,OADNet_audio,4,2026,2.0,2.0,mondrian,reject_rate,0.8,0.8217522658610272,0.7824773413897281,1.7250755287009063,1.661631419939577,0.06344410876132933
MDPE,OADNet_audio,0,7,1.0,0.25,mondrian,reject_rate,0.8,0.7817982456140351,0.7817982456140351,0.29194078947368424,0.29194078947368424,0.0
MDPE,OADNet_audio,0,7,1.0,0.5,mondrian,reject_rate,0.8,0.7817982456140351,0.7817982456140351,0.48739035087719296,0.48739035087719296,0.0
MDPE,OADNet_audio,0,7,1.0,1.0,mondrian,reject_rate,0.8,0.7817982456140351,0.7817982456140351,0.8782894736842105,0.8782894736842105,0.0
MDPE,OADNet_audio,0,7,1.0,2.0,mondrian,reject_rate,0.8,0.7817982456140351,0.7817982456140351,1.6600877192982457,1.6600877192982457,0.0
MDPE,OADNet_audio,0,7,2.0,0.25,mondrian,reject_rate,0.8,0.8278508771929824,0.7817982456140351,0.3100328947368421,0.33360745614035087,-0.023574561403508776
MDPE,OADNet_audio,0,7,2.0,0.5,mondrian,reject_rate,0.8,0.8278508771929824,0.7817982456140351,0.5169956140350878,0.5290570175438597,-0.01206140350877194
MDPE,OADNet_audio,0,7,2.0,1.0,mondrian,reject_rate,0.8,0.8278508771929824,0.7817982456140351,0.930921052631579,0.9199561403508771,0.010964912280701844
MDPE,OADNet_audio,0,7,2.0,2.0,mondrian,reject_rate,0.8,0.8278508771929824,0.7817982456140351,1.7587719298245614,1.7017543859649122,0.05701754385964919
MDPE,OADNet_audio,0,42,1.0,0.25,mondrian,reject_rate,0.8,0.8070175438596491,0.8070175438596491,0.27521929824561403,0.27521929824561403,0.0
MDPE,OADNet_audio,0,42,1.0,0.5,mondrian,reject_rate,0.8,0.8070175438596491,0.8070175438596491,0.4769736842105263,0.4769736842105263,0.0
MDPE,OADNet_audio,0,42,1.0,1.0,mondrian,reject_rate,0.8,0.8070175438596491,0.8070175438596491,0.8804824561403509,0.8804824561403509,0.0
MDPE,OADNet_audio,0,42,1.0,2.0,mondrian,reject_rate,0.8,0.8070175438596491,0.8070175438596491,1.6875,1.6875,0.0
MDPE,OADNet_audio,0,123,1.0,0.25,mondrian,reject_rate,0.8,0.7817982456140351,0.7817982456140351,0.2886513157894737,0.2886513157894737,0.0
MDPE,OADNet_audio,0,123,1.0,0.5,mondrian,reject_rate,0.8,0.7817982456140351,0.7817982456140351,0.48410087719298245,0.48410087719298245,0.0
MDPE,OADNet_audio,0,123,1.0,1.0,mondrian,reject_rate,0.8,0.7817982456140351,0.7817982456140351,0.875,0.875,0.0
MDPE,OADNet_audio,0,123,1.0,2.0,mondrian,reject_rate,0.8,0.7817982456140351,0.7817982456140351,1.656798245614035,1.656798245614035,0.0
MDPE,OADNet_audio,1,42,1.0,0.25,mondrian,reject_rate,0.8,0.7982456140350878,0.7982456140350878,0.2850877192982456,0.2850877192982456,0.0
MDPE,OADNet_audio,1,42,1.0,0.5,mondrian,reject_rate,0.8,0.7982456140350878,0.7982456140350878,0.48464912280701755,0.48464912280701755,0.0
MDPE,OADNet_audio,1,42,1.0,1.0,mondrian,reject_rate,0.8,0.7982456140350878,0.7982456140350878,0.8837719298245614,0.8837719298245614,0.0
MDPE,OADNet_audio,1,42,1.0,2.0,mondrian,reject_rate,0.8,0.7982456140350878,0.7982456140350878,1.6820175438596492,1.6820175438596492,0.0
MDPE,OADNet_audio,3,7,1.0,0.25,mondrian,reject_rate,0.8,0.8103070175438597,0.8103070175438597,0.29139254385964913,0.29139254385964913,0.0
MDPE,OADNet_audio,3,7,1.0,0.5,mondrian,reject_rate,0.8,0.8103070175438597,0.8103070175438597,0.49396929824561403,0.49396929824561403,0.0
MDPE,OADNet_audio,3,7,1.0,1.0,mondrian,reject_rate,0.8,0.8103070175438597,0.8103070175438597,0.8991228070175439,0.8991228070175439,0.0
MDPE,OADNet_audio,3,7,1.0,2.0,mondrian,reject_rate,0.8,0.8103070175438597,0.8103070175438597,1.7094298245614035,1.7094298245614035,0.0
MDPE,OADNet_audio,3,123,1.0,0.25,mondrian,reject_rate,0.8,0.8201754385964912,0.8201754385964912,0.28618421052631576,0.28618421052631576,0.0
MDPE,OADNet_audio,3,123,1.0,0.5,mondrian,reject_rate,0.8,0.8201754385964912,0.8201754385964912,0.49122807017543857,0.49122807017543857,0.0
MDPE,OADNet_audio,3,123,1.0,1.0,mondrian,reject_rate,0.8,0.8201754385964912,0.8201754385964912,0.9013157894736842,0.9013157894736842,0.0
MDPE,OADNet_audio,3,123,1.0,2.0,mondrian,reject_rate,0.8,0.8201754385964912,0.8201754385964912,1.7214912280701755,1.7214912280701755,0.0
MDPE,OADNet_audio,3,2026,1.0,0.25,mondrian,reject_rate,0.8,0.7828947368421053,0.7828947368421053,0.28344298245614036,0.28344298245614036,0.0
MDPE,OADNet_audio,3,2026,1.0,0.5,mondrian,reject_rate,0.8,0.7828947368421053,0.7828947368421053,0.4791666666666667,0.4791666666666667,0.0
MDPE,OADNet_audio,3,2026,1.0,1.0,mondrian,reject_rate,0.8,0.7828947368421053,0.7828947368421053,0.8706140350877193,0.8706140350877193,0.0
MDPE,OADNet_audio,3,2026,1.0,2.0,mondrian,reject_rate,0.8,0.7828947368421053,0.7828947368421053,1.6535087719298245,1.6535087719298245,0.0
MDPE,OADNet_audio,4,7,1.0,0.25,mondrian,reject_rate,0.8,0.7892425905598244,0.7892425905598244,0.3026893523600439,0.3026893523600439,0.0
MDPE,OADNet_audio,4,7,1.0,0.5,mondrian,reject_rate,0.8,0.7892425905598244,0.7892425905598244,0.5,0.5,0.0
MDPE,OADNet_audio,4,7,1.0,1.0,mondrian,reject_rate,0.8,0.7892425905598244,0.7892425905598244,0.8946212952799122,0.8946212952799122,0.0
MDPE,OADNet_audio,4,7,1.0,2.0,mondrian,reject_rate,0.8,0.7892425905598244,0.7892425905598244,1.6838638858397366,1.6838638858397366,0.0
MDPE,OADNet_audio,4,2026,1.0,0.25,mondrian,reject_rate,0.8,0.8199780461031834,0.8199780461031834,0.2840285400658617,0.2840285400658617,0.0
MDPE,OADNet_audio,4,2026,1.0,0.5,mondrian,reject_rate,0.8,0.8199780461031834,0.8199780461031834,0.48902305159165754,0.48902305159165754,0.0
MDPE,OADNet_audio,4,2026,1.0,1.0,mondrian,reject_rate,0.8,0.8199780461031834,0.8199780461031834,0.8990120746432492,0.8990120746432492,0.0
MDPE,OADNet_audio,4,2026,1.0,2.0,mondrian,reject_rate,0.8,0.8199780461031834,0.8199780461031834,1.7189901207464324,1.7189901207464324,0.0
SEUMLD,OADNet_text,3,7,1.0,0.25,split_conformal,reject_rate,0.6,0.5859969558599696,0.6149162861491628,0.2713089802130898,0.2465753424657534,0.02473363774733639
SEUMLD,OADNet_text,3,7,1.0,0.5,split_conformal,reject_rate,0.6,0.5859969558599696,0.6149162861491628,0.4178082191780822,0.4003044140030441,0.01750380517503808
SEUMLD,OADNet_text,3,7,1.0,1.0,split_conformal,reject_rate,0.6,0.5859969558599696,0.6149162861491628,0.710806697108067,0.7077625570776256,0.0030441400304414
SEUMLD,OADNet_text,3,7,1.0,2.0,split_conformal,reject_rate,0.6,0.5859969558599696,0.6149162861491628,1.2968036529680365,1.3226788432267884,-0.025875190258751957
SEUMLD,OADNet_text,4,7,1.0,0.25,split_conformal,reject_rate,0.6,0.6283987915407855,0.6268882175226587,0.26435045317220546,0.22469788519637462,0.03965256797583083
SEUMLD,OADNet_text,4,7,1.0,0.5,split_conformal,reject_rate,0.6,0.6283987915407855,0.6268882175226587,0.4214501510574018,0.3814199395770393,0.04003021148036251
SEUMLD,OADNet_text,4,7,1.0,1.0,split_conformal,reject_rate,0.6,0.6283987915407855,0.6268882175226587,0.7356495468277946,0.6948640483383686,0.04078549848942603
SEUMLD,OADNet_text,4,7,1.0,2.0,split_conformal,reject_rate,0.6,0.6283987915407855,0.6268882175226587,1.36404833836858,1.3217522658610272,0.04229607250755274
SEUMLD,OADNet_text,4,123,1.0,0.25,split_conformal,reject_rate,0.6,0.620845921450151,0.6102719033232629,0.25793051359516617,0.23716012084592145,0.02077039274924472
SEUMLD,OADNet_text,4,123,1.0,0.5,split_conformal,reject_rate,0.6,0.620845921450151,0.6102719033232629,0.4131419939577039,0.38972809667673713,0.023413897280966767
SEUMLD,OADNet_text,4,123,1.0,1.0,split_conformal,reject_rate,0.6,0.620845921450151,0.6102719033232629,0.7235649546827795,0.6948640483383686,0.028700906344410915
SEUMLD,OADNet_text,4,123,1.0,2.0,split_conformal,reject_rate,0.6,0.620845921450151,0.6102719033232629,1.3444108761329305,1.3051359516616314,0.0392749244712991
MDPE,OADNet_text,0,2026,1.0,0.25,split_conformal,reject_rate,0.6,0.6260964912280702,0.6151315789473685,0.27055921052631576,0.25027412280701755,0.02028508771929821
MDPE,OADNet_text,0,2026,1.0,0.5,split_conformal,reject_rate,0.6,0.6260964912280702,0.6151315789473685,0.4270833333333333,0.40405701754385964,0.023026315789473673
MDPE,OADNet_text,0,2026,1.0,1.0,split_conformal,reject_rate,0.6,0.6260964912280702,0.6151315789473685,0.7401315789473685,0.7116228070175439,0.028508771929824595
MDPE,OADNet_text,0,2026,1.0,2.0,split_conformal,reject_rate,0.6,0.6260964912280702,0.6151315789473685,1.3662280701754386,1.3267543859649122,0.03947368421052633
MDPE,OADNet_text,1,42,1.0,0.25,split_conformal,reject_rate,0.6,0.625,0.6271929824561403,0.26480263157894735,0.25109649122807015,0.013706140350877194
MDPE,OADNet_text,1,42,1.0,0.5,split_conformal,reject_rate,0.6,0.625,0.6271929824561403,0.42105263157894735,0.40789473684210525,0.01315789473684209
MDPE,OADNet_text,1,42,1.0,1.0,split_conformal,reject_rate,0.6,0.625,0.6271929824561403,0.7335526315789473,0.7214912280701754,0.01206140350877194
MDPE,OADNet_text,1,42,1.0,2.0,split_conformal,reject_rate,0.6,0.625,0.6271929824561403,1.3585526315789473,1.3486842105263157,0.009868421052631637
MDPE,OADNet_text,1,2024,1.0,0.25,split_conformal,reject_rate,0.6,0.6271929824561403,0.6074561403508771,0.28618421052631576,0.2637061403508772,0.02247807017543857
MDPE,OADNet_text,1,2024,1.0,0.5,split_conformal,reject_rate,0.6,0.6271929824561403,0.6074561403508771,0.44298245614035087,0.4155701754385965,0.027412280701754388
MDPE,OADNet_text,1,2024,1.0,1.0,split_conformal,reject_rate,0.6,0.6271929824561403,0.6074561403508771,0.756578947368421,0.7192982456140351,0.037280701754385914
MDPE,OADNet_text,1,2024,1.0,2.0,split_conformal,reject_rate,0.6,0.6271929824561403,0.6074561403508771,1.3837719298245614,1.3267543859649122,0.05701754385964919
MDPE,OADNet_text,1,2026,1.0,0.25,split_conformal,reject_rate,0.6,0.6052631578947368,0.5997807017543859,0.26096491228070173,0.2563048245614035,0.0046600877192982115
MDPE,OADNet_text,1,2026,1.0,0.5,split_conformal,reject_rate,0.6,0.6052631578947368,0.5997807017543859,0.41228070175438597,0.40625,0.00603070175438597
MDPE,OADNet_text,1,2026,1.0,1.0,split_conformal,reject_rate,0.6,0.6052631578947368,0.5997807017543859,0.7149122807017544,0.706140350877193,0.00877192982456143
MDPE,OADNet_text,1,2026,1.0,2.0,split_conformal,reject_rate,0.6,0.6052631578947368,0.5997807017543859,1.3201754385964912,1.305921052631579,0.014254385964912242
MDPE,OADNet_text,2,123,1.0,0.25,split_conformal,reject_rate,0.6,0.6263383297644539,0.6134903640256959,0.2700749464668094,0.2572269807280514,0.012847965738758016
MDPE,OADNet_text,2,123,1.0,0.5,split_conformal,reject_rate,0.6,0.6263383297644539,0.6134903640256959,0.4266595289079229,0.41059957173447537,0.016059957173447548
MDPE,OADNet_text,2,123,1.0,1.0,split_conformal,reject_rate,0.6,0.6263383297644539,0.6134903640256959,0.7398286937901499,0.7173447537473233,0.02248394004282661
MDPE,OADNet_text,2,123,1.0,2.0,split_conformal,reject_rate,0.6,0.6263383297644539,0.6134903640256959,1.366167023554604,1.3308351177730193,0.03533190578158463
MDPE,OADNet_text,4,123,1.0,0.25,split_conformal,reject_rate,0.6,0.5784851811196488,0.6114160263446762,0.2851262349066959,0.2549396267837541,0.030186608122941827
MDPE,OADNet_text,4,123,1.0,0.5,split_conformal,reject_rate,0.6,0.5784851811196488,0.6114160263446762,0.4297475301866081,0.40779363336992314,0.02195389681668497
MDPE,OADNet_text,4,123,1.0,1.0,split_conformal,reject_rate,0.6,0.5784851811196488,0.6114160263446762,0.7189901207464325,0.7135016465422612,0.005488474204171312
MDPE,OADNet_text,4,123,1.0,2.0,split_conformal,reject_rate,0.6,0.5784851811196488,0.6114160263446762,1.2974753018660812,1.3249176728869374,-0.027442371020856227
MDPE,OADNet_text,4,2026,1.0,0.25,split_conformal,reject_rate,0.6,0.6267837541163557,0.5828759604829857,0.25987925356750824,0.25987925356750824,0.0
MDPE,OADNet_text,4,2026,1.0,0.5,split_conformal,reject_rate,0.6,0.6267837541163557,0.5828759604829857,0.41657519209659716,0.40559824368825464,0.010976948408342513
MDPE,OADNet_text,4,2026,1.0,1.0,split_conformal,reject_rate,0.6,0.6267837541163557,0.5828759604829857,0.7299670691547749,0.6970362239297475,0.03293084522502743
MDPE,OADNet_text,4,2026,1.0,2.0,split_conformal,reject_rate,0.6,0.6267837541163557,0.5828759604829857,1.3567508232711307,1.2799121844127332,0.07683863885839748
MDPE,OADNet_audio,2,123,1.0,0.25,split_conformal,reject_rate,0.7,0.683083511777302,0.7269807280513919,0.30674518201284795,0.2609743040685225,0.04577087794432544
MDPE,OADNet_audio,2,123,1.0,0.5,split_conformal,reject_rate,0.7,0.683083511777302,0.7269807280513919,0.47751605995717344,0.44271948608137046,0.03479657387580298
MDPE,OADNet_audio,2,123,1.0,1.0,split_conformal,reject_rate,0.7,0.683083511777302,0.7269807280513919,0.8190578158458244,0.8062098501070664,0.012847965738758016
MDPE,OADNet_audio,2,123,1.0,2.0,split_conformal,reject_rate,0.7,0.683083511777302,0.7269807280513919,1.5021413276231264,1.5331905781584583,-0.031049250535331918
MDPE,OADNet_audio,2,123,2.0,0.25,split_conformal,reject_rate,0.7,0.728051391862955,0.7269807280513919,0.3351177730192719,0.340203426124197,-0.005085653104925092
MDPE,OADNet_audio,2,123,2.0,0.5,split_conformal,reject_rate,0.7,0.728051391862955,0.7269807280513919,0.5171306209850107,0.521948608137045,-0.004817987152034298
MDPE,OADNet_audio,2,123,2.0,1.0,split_conformal,reject_rate,0.7,0.728051391862955,0.7269807280513919,0.8811563169164882,0.8854389721627409,-0.004282655246252709
MDPE,OADNet_audio,2,123,2.0,2.0,split_conformal,reject_rate,0.7,0.728051391862955,0.7269807280513919,1.6092077087794432,1.6124197002141327,-0.0032119914346895317
MDPE,OADNet_audio,2,2024,1.0,0.25,split_conformal,reject_rate,0.7,0.6937901498929336,0.6873661670235546,0.30513918629550324,0.2810492505353319,0.02408993576017132
MDPE,OADNet_audio,2,2024,1.0,0.5,split_conformal,reject_rate,0.7,0.6937901498929336,0.6873661670235546,0.4785867237687366,0.45289079229122053,0.025695931477516087
MDPE,OADNet_audio,2,2024,1.0,1.0,split_conformal,reject_rate,0.7,0.6937901498929336,0.6873661670235546,0.8254817987152034,0.7965738758029979,0.028907922912205564
MDPE,OADNet_audio,2,2024,1.0,2.0,split_conformal,reject_rate,0.7,0.6937901498929336,0.6873661670235546,1.519271948608137,1.4839400428265526,0.035331905781584405
MDPE,OADNet_audio,2,2024,2.0,0.25,split_conformal,reject_rate,0.7,0.7291220556745182,0.6873661670235546,0.3428800856531049,0.39025695931477516,-0.04737687366167026
MDPE,OADNet_audio,2,2024,2.0,0.5,split_conformal,reject_rate,0.7,0.7291220556745182,0.6873661670235546,0.5251605995717344,0.5620985010706638,-0.03693790149892939
MDPE,OADNet_audio,2,2024,2.0,1.0,split_conformal,reject_rate,0.7,0.7291220556745182,0.6873661670235546,0.8897216274089935,0.9057815845824411,-0.016059957173447548
MDPE,OADNet_audio,2,2024,2.0,2.0,split_conformal,reject_rate,0.7,0.7291220556745182,0.6873661670235546,1.6188436830835118,1.5931477516059958,0.025695931477516032
MDPE,OADNet_audio,4,2024,1.0,0.25,split_conformal,reject_rate,0.7,0.6871569703622393,0.7266739846322722,0.31009879253567507,0.2650933040614709,0.04500548847420416
MDPE,OADNet_audio,4,2024,1.0,0.5,split_conformal,reject_rate,0.7,0.6871569703622393,0.7266739846322722,0.4818880351262349,0.446761800219539,0.03512623490669592
MDPE,OADNet_audio,4,2024,1.0,1.0,split_conformal,reject_rate,0.7,0.6871569703622393,0.7266739846322722,0.8254665203073546,0.8100987925356751,0.015367727771679496
MDPE,OADNet_audio,4,2024,1.0,2.0,split_conformal,reject_rate,0.7,0.6871569703622393,0.7266739846322722,1.512623490669594,1.5367727771679474,-0.02414928649835346
SEUMLD,OADNet_audio,3,2024,1.0,0.25,split_conformal,reject_rate,0.8,0.7975646879756468,0.7990867579908676,0.2937595129375951,0.25,0.04375951293759511
SEUMLD,OADNet_audio,3,2024,1.0,0.5,split_conformal,reject_rate,0.8,0.7975646879756468,0.7990867579908676,0.4931506849315068,0.4497716894977169,0.043378995433789924
SEUMLD,OADNet_audio,3,2024,1.0,1.0,split_conformal,reject_rate,0.8,0.7975646879756468,0.7990867579908676,0.8919330289193302,0.8493150684931506,0.0426179604261796
SEUMLD,OADNet_audio,3,2024,1.0,2.0,split_conformal,reject_rate,0.8,0.7975646879756468,0.7990867579908676,1.6894977168949772,1.6484018264840183,0.041095890410958846
SEUMLD,OADNet_audio,3,2024,2.0,0.25,split_conformal,reject_rate,0.8,0.821917808219178,0.7990867579908676,0.2983257229832572,0.3002283105022831,-0.001902587519025889
SEUMLD,OADNet_audio,3,2024,2.0,0.5,split_conformal,reject_rate,0.8,0.821917808219178,0.7990867579908676,0.5038051750380518,0.5,0.003805175038051778
SEUMLD,OADNet_audio,3,2024,2.0,1.0,split_conformal,reject_rate,0.8,0.821917808219178,0.7990867579908676,0.9147640791476408,0.8995433789954338,0.015220700152207
SEUMLD,OADNet_audio,3,2024,2.0,2.0,split_conformal,reject_rate,0.8,0.821917808219178,0.7990867579908676,1.7366818873668188,1.6986301369863013,0.03805175038051756
SEUMLD,OADNet_audio,3,2026,1.0,0.25,split_conformal,reject_rate,0.8,0.8280060882800608,0.8249619482496194,0.2861491628614916,0.2503805175038052,0.035768645357686424
SEUMLD,OADNet_audio,3,2026,1.0,0.5,split_conformal,reject_rate,0.8,0.8280060882800608,0.8249619482496194,0.4931506849315068,0.45662100456621,0.0365296803652968
SEUMLD,OADNet_audio,3,2026,1.0,1.0,split_conformal,reject_rate,0.8,0.8280060882800608,0.8249619482496194,0.9071537290715372,0.8691019786910198,0.038051750380517446
SEUMLD,OADNet_audio,3,2026,1.0,2.0,split_conformal,reject_rate,0.8,0.8280060882800608,0.8249619482496194,1.735159817351598,1.6940639269406392,0.041095890410958846
MDPE,OADNet_audio,3,7,1.0,0.25,split_conformal,reject_rate,0.8,0.8103070175438597,0.7916666666666666,0.29139254385964913,0.2637061403508772,0.02768640350877194
MDPE,OADNet_audio,3,7,1.0,0.5,split_conformal,reject_rate,0.8,0.8103070175438597,0.7916666666666666,0.49396929824561403,0.4616228070175439,0.03234649122807015
MDPE,OADNet_audio,3,7,1.0,1.0,split_conformal,reject_rate,0.8,0.8103070175438597,0.7916666666666666,0.8991228070175439,0.8574561403508771,0.04166666666666674
MDPE,OADNet_audio,3,7,1.0,2.0,split_conformal,reject_rate,0.8,0.8103070175438597,0.7916666666666666,1.7094298245614035,1.6491228070175439,0.06030701754385959
MDPE,OADNet_audio,3,2026,1.0,0.25,split_conformal,reject_rate,0.8,0.7828947368421053,0.8245614035087719,0.28344298245614036,0.25219298245614036,0.03125
MDPE,OADNet_audio,3,2026,1.0,0.5,split_conformal,reject_rate,0.8,0.7828947368421053,0.8245614035087719,0.4791666666666667,0.4583333333333333,0.02083333333333337
MDPE,OADNet_audio,3,2026,1.0,1.0,split_conformal,reject_rate,0.8,0.7828947368421053,0.8245614035087719,0.8706140350877193,0.8706140350877193,0.0
MDPE,OADNet_audio,3,2026,1.0,2.0,split_conformal,reject_rate,0.8,0.7828947368421053,0.8245614035087719,1.6535087719298245,1.6951754385964912,-0.04166666666666674
SEUMLD,OADNet_text,3,2024,2.0,0.5,confidence_reject_tuned,reject_rate,0.7,0.6757990867579908,0.7275494672754946,0.4627092846270928,0.4505327245053272,0.0121765601217656
MDPE,OADNet_text,3,42,2.0,0.5,confidence_reject_tuned,reject_rate,0.7,0.680921052631579,0.7017543859649122,0.45668859649122806,0.4594298245614035,-0.002741228070175461
SEUMLD,OADNet_text,0,42,5.0,1.0,confidence_reject_tuned,reject_rate,0.8,0.7947932618683001,0.8055130168453293,0.900459418070444,1.0199081163859112,-0.11944869831546712
SEUMLD,OADNet_text,0,2026,3.0,0.5,confidence_reject_tuned,reject_rate,0.8,0.7993874425727412,0.7871362940275651,0.49310872894333846,0.5390505359877489,-0.04594180704441042
SEUMLD,OADNet_audio,0,7,2.0,0.5,confidence_reject_tuned,reject_rate,0.8,0.8009188361408882,0.8208269525267994,0.5183767228177641,0.5421133231240429,-0.023736600306278777
SEUMLD,OADNet_audio,4,2024,1.0,0.25,confidence_reject_tuned,reject_rate,0.8,0.8096676737160121,0.7900302114803626,0.26435045317220546,0.2413141993957704,0.02303625377643506
MDPE,OADNet_text,0,123,5.0,1.0,confidence_reject_tuned,reject_rate,0.8,0.8125,0.8168859649122807,0.9067982456140351,0.9649122807017544,-0.058114035087719285
MDPE,OADNet_text,0,2024,5.0,1.0,confidence_reject_tuned,reject_rate,0.8,0.7839912280701754,0.7774122807017544,0.9013157894736842,0.9605263157894737,-0.05921052631578949
MDPE,OADNet_text,2,123,5.0,1.0,confidence_reject_tuned,reject_rate,0.8,0.7762312633832976,0.8265524625267666,0.8832976445396146,0.9657387580299786,-0.08244111349036398
MDPE,OADNet_text,4,7,5.0,1.0,confidence_reject_tuned,reject_rate,0.8,0.7881448957189902,0.8265642151481888,0.8605927552140505,0.9297475301866082,-0.06915477497255762
MDPE,OADNet_text,4,7,10.0,2.0,confidence_reject_tuned,reject_rate,0.8,0.8221734357848518,0.8111964873765093,1.7113062568605928,1.8792535675082327,-0.1679473106476399
