C_rev,alpha_lie,alpha_total,alpha_truth,auto_rate,cost_decomp_residual,coverage,err_per_auto,expected_cost,fn_rate,fold,fp_rate,k_lie,k_truth,method,n_fn,n_fp,n_lie,n_lie_calib,n_reject,n_singleton,n_test,n_truth,n_truth_calib,qhat_lie,qhat_truth,r,reject_rate,seed
0.5,0.03333333333333333,0.1,0.1,0.20955882352941177,0.0,0.9360294117647059,0.30526315789473685,0.48713235294117646,0.027259684361549498,0,0.10256410256410256,199,185,cs_mondrian,19,68,697,204,1075,285,1360,663,204,0.727548178333604,0.6477228193104739,3.0,0.7904411764705882,7
0.5,0.1,0.1,0.1,0.26323529411764707,0.0,0.9198529411764705,0.30446927374301674,0.5088235294117647,0.058823529411764705,0,0.10256410256410256,185,185,mondrian,41,68,697,204,1002,358,1360,663,204,0.6740679862071297,0.6477228193104739,3.0,0.736764705882353,7
0.5,0.1,0.1,0.1,0.26323529411764707,0.0,0.9198529411764705,0.30446927374301674,0.4485294117647059,0.058823529411764705,0,0.10256410256410256,185,185,cs_mondrian,41,68,697,204,1002,358,1360,663,204,0.6740679862071297,0.6477228193104739,1.0,0.736764705882353,7
0.5,0.1,0.1,0.1,0.26323529411764707,0.0,0.9198529411764705,0.30446927374301674,0.4485294117647059,0.058823529411764705,0,0.10256410256410256,185,185,mondrian,41,68,697,204,1002,358,1360,663,204,0.6740679862071297,0.6477228193104739,1.0,0.736764705882353,7
0.5,0.05,0.1,0.1,0.21838235294117647,0.0,0.9323529411764706,0.30976430976430974,0.47610294117647056,0.03443328550932568,0,0.10256410256410256,195,185,cs_mondrian,24,68,697,204,1063,297,1360,663,204,0.7113179105833778,0.6477228193104739,2.0,0.7816176470588235,7
0.5,0.1,0.1,0.1,0.26323529411764707,0.0,0.9198529411764705,0.30446927374301674,0.4786764705882353,0.058823529411764705,0,0.10256410256410256,185,185,mondrian,41,68,697,204,1002,358,1360,663,204,0.6740679862071297,0.6477228193104739,2.0,0.736764705882353,7
0.5,0.02,0.1,0.1,0.19411764705882353,0.0,0.9411764705882353,0.30303030303030304,0.4970588235294118,0.01721664275466284,0,0.10256410256410256,201,185,cs_mondrian,12,68,697,204,1096,264,1360,663,204,0.7522339968145033,0.6477228193104739,5.0,0.8058823529411765,7
0.5,0.1,0.1,0.1,0.26323529411764707,0.0,0.9198529411764705,0.30446927374301674,0.5691176470588235,0.058823529411764705,0,0.10256410256410256,185,185,mondrian,41,68,697,204,1002,358,1360,663,204,0.6740679862071297,0.6477228193104739,5.0,0.736764705882353,7
0.5,0.01,0.1,0.1,0.18676470588235294,0.0,0.9433823529411764,0.3031496062992126,0.5227941176470589,0.01291248206599713,0,0.10256410256410256,203,185,cs_mondrian,9,68,697,204,1106,254,1360,663,204,0.7597343078153077,0.6477228193104739,10.0,0.8132352941176471,7
0.5,0.1,0.1,0.1,0.26323529411764707,0.0,0.9198529411764705,0.30446927374301674,0.7198529411764706,0.058823529411764705,0,0.10256410256410256,185,185,mondrian,41,68,697,204,1002,358,1360,663,204,0.6740679862071297,0.6477228193104739,10.0,0.736764705882353,7
0.5,0.03333333333333333,0.1,0.1,0.21545319465081725,0.0,0.9383358098068351,0.28620689655172415,0.4851411589895988,0.030434782608695653,0,0.09451219512195122,199,185,cs_mondrian,21,62,690,204,1056,290,1346,656,204,0.7187915074490363,0.663096973431724,3.0,0.7845468053491828,42
0.5,0.1,0.1,0.1,0.3491827637444279,0.0,0.887815750371471,0.32127659574468087,0.5698365527488856,0.1289855072463768,0,0.09451219512195122,185,185,mondrian,89,62,690,204,876,470,1346,656,204,0.6185494435698531,0.663096973431724,3.0,0.6508172362555721,42
0.5,0.1,0.1,0.1,0.3491827637444279,0.0,0.887815750371471,0.32127659574468087,0.437592867756315,0.1289855072463768,0,0.09451219512195122,185,185,cs_mondrian,89,62,690,204,876,470,1346,656,204,0.6185494435698531,0.663096973431724,1.0,0.6508172362555721,42
0.5,0.1,0.1,0.1,0.3491827637444279,0.0,0.887815750371471,0.32127659574468087,0.437592867756315,0.1289855072463768,0,0.09451219512195122,185,185,mondrian,89,62,690,204,876,470,1346,656,204,0.6185494435698531,0.663096973431724,1.0,0.6508172362555721,42
0.5,0.05,0.1,0.1,0.2637444279346211,0.0,0.924962852897474,0.28450704225352114,0.47213967310549776,0.05652173913043478,0,0.09451219512195122,195,185,cs_mondrian,39,62,690,204,991,355,1346,656,204,0.675582524847569,0.663096973431724,2.0,0.736255572065379,42
0.5,0.1,0.1,0.1,0.3491827637444279,0.0,0.887815750371471,0.32127659574468087,0.5037147102526003,0.1289855072463768,0,0.09451219512195122,185,185,mondrian,89,62,690,204,876,470,1346,656,204,0.6185494435698531,0.663096973431724,2.0,0.6508172362555721,42
0.5,0.02,0.1,0.1,0.17459138187221396,0.0,0.9479940564635958,0.2978723404255319,0.48848439821693906,0.011594202898550725,0,0.09451219512195122,201,185,cs_mondrian,8,62,690,204,1111,235,1346,656,204,0.7863063079888375,0.663096973431724,5.0,0.825408618127786,42
0.5,0.1,0.1,0.1,0.3491827637444279,0.0,0.887815750371471,0.32127659574468087,0.7020802377414561,0.1289855072463768,0,0.09451219512195122,185,185,mondrian,89,62,690,204,876,470,1346,656,204,0.6185494435698531,0.663096973431724,5.0,0.6508172362555721,42
0.5,0.01,0.1,0.1,0.17310549777117384,0.0,0.9479940564635958,0.30042918454935624,0.5189450222882616,0.011594202898550725,0,0.09451219512195122,203,185,cs_mondrian,8,62,690,204,1113,233,1346,656,204,0.7911328145267483,0.663096973431724,10.0,0.8268945022288261,42
0.5,0.1,0.1,0.1,0.3491827637444279,0.0,0.887815750371471,0.32127659574468087,1.0326894502228827,0.1289855072463768,0,0.09451219512195122,185,185,mondrian,89,62,690,204,876,470,1346,656,204,0.6185494435698531,0.663096973431724,10.0,0.6508172362555721,42
0.5,0.03333333333333333,0.1,0.1,0.2158273381294964,0.0,0.9287769784172661,0.33,0.4920863309352518,0.028368794326241134,0,0.11532846715328467,199,185,cs_mondrian,20,79,705,204,1090,300,1390,685,204,0.7401133462240135,0.6460841605803201,3.0,0.7841726618705036,123
0.5,0.1,0.1,0.1,0.33741007194244604,0.0,0.8899280575539569,0.326226012793177,0.547841726618705,0.1049645390070922,0,0.11532846715328467,185,185,mondrian,74,79,705,204,921,469,1390,685,204,0.6471722155056074,0.6460841605803201,3.0,0.662589928057554,123
0.5,0.1,0.1,0.1,0.33741007194244604,0.0,0.8899280575539569,0.326226012793177,0.44136690647482013,0.1049645390070922,0,0.11532846715328467,185,185,cs_mondrian,74,79,705,204,921,469,1390,685,204,0.6471722155056074,0.6460841605803201,1.0,0.662589928057554,123
0.5,0.1,0.1,0.1,0.33741007194244604,0.0,0.8899280575539569,0.326226012793177,0.44136690647482013,0.1049645390070922,0,0.11532846715328467,185,185,mondrian,74,79,705,204,921,469,1390,685,204,0.6471722155056074,0.6460841605803201,1.0,0.662589928057554,123
0.5,0.05,0.1,0.1,0.2446043165467626,0.0,0.918705035971223,0.3323529411764706,0.48345323741007196,0.04822695035460993,0,0.11532846715328467,195,185,cs_mondrian,34,79,705,204,1050,340,1390,685,204,0.7172710103752225,0.6460841605803201,2.0,0.7553956834532374,123
0.5,0.1,0.1,0.1,0.33741007194244604,0.0,0.8899280575539569,0.326226012793177,0.49460431654676257,0.1049645390070922,0,0.11532846715328467,185,185,mondrian,74,79,705,204,921,469,1390,685,204,0.6471722155056074,0.6460841605803201,2.0,0.662589928057554,123
0.5,0.02,0.1,0.1,0.20071942446043164,0.0,0.9359712230215828,0.31899641577060933,0.49244604316546764,0.014184397163120567,0,0.11532846715328467,201,185,cs_mondrian,10,79,705,204,1111,279,1390,685,204,0.7625783400499538,0.6460841605803201,5.0,0.7992805755395683,123
0.5,0.1,0.1,0.1,0.33741007194244604,0.0,0.8899280575539569,0.326226012793177,0.6543165467625899,0.1049645390070922,0,0.11532846715328467,185,185,mondrian,74,79,705,204,921,469,1390,685,204,0.6471722155056074,0.6460841605803201,5.0,0.662589928057554,123
0.5,0.01,0.1,0.1,0.19568345323741007,0.0,0.9366906474820144,0.3235294117647059,0.5237410071942447,0.01276595744680851,0,0.11532846715328467,203,185,cs_mondrian,9,79,705,204,1118,272,1390,685,204,0.7722518187340058,0.6460841605803201,10.0,0.8043165467625899,123
0.5,0.1,0.1,0.1,0.33741007194244604,0.0,0.8899280575539569,0.326226012793177,0.9205035971223021,0.1049645390070922,0,0.11532846715328467,185,185,mondrian,74,79,705,204,921,469,1390,685,204,0.6471722155056074,0.6460841605803201,10.0,0.662589928057554,123
0.5,0.03333333333333333,0.1,0.1,0.1795827123695976,0.0,0.9500745156482862,0.27800829875518673,0.4780178837555887,0.017518248175182483,0,0.0837138508371385,199,185,cs_mondrian,12,55,685,204,1101,241,1342,657,204,0.7412139701557936,0.6661067732684507,3.0,0.8204172876304023,2024
0.5,0.1,0.1,0.1,0.26527570789865873,0.0,0.9277198211624441,0.27247191011235955,0.5022354694485842,0.061313868613138686,0,0.0837138508371385,185,185,mondrian,42,55,685,204,986,356,1342,657,204,0.6627256878439909,0.6661067732684507,3.0,0.7347242921013413,2024
0.5,0.1,0.1,0.1,0.26527570789865873,0.0,0.9277198211624441,0.27247191011235955,0.4396423248882265,0.061313868613138686,0,0.0837138508371385,185,185,cs_mondrian,42,55,685,204,986,356,1342,657,204,0.6627256878439909,0.6661067732684507,1.0,0.7347242921013413,2024
0.5,0.1,0.1,0.1,0.26527570789865873,0.0,0.9277198211624441,0.27247191011235955,0.4396423248882265,0.061313868613138686,0,0.0837138508371385,185,185,mondrian,42,55,685,204,986,356,1342,657,204,0.6627256878439909,0.6661067732684507,1.0,0.7347242921013413,2024
0.5,0.05,0.1,0.1,0.21609538002980627,0.0,0.9374068554396423,0.2896551724137931,0.4761549925484352,0.042335766423357665,0,0.0837138508371385,195,185,cs_mondrian,29,55,685,204,1052,290,1342,657,204,0.7011068455395917,0.6661067732684507,2.0,0.7839046199701938,2024
0.5,0.1,0.1,0.1,0.26527570789865873,0.0,0.9277198211624441,0.27247191011235955,0.47093889716840537,0.061313868613138686,0,0.0837138508371385,185,185,mondrian,42,55,685,204,986,356,1342,657,204,0.6627256878439909,0.6661067732684507,2.0,0.7347242921013413,2024
0.5,0.02,0.1,0.1,0.1736214605067064,0.0,0.9530551415797317,0.2703862660944206,0.4839791356184799,0.01167883211678832,0,0.0837138508371385,201,185,cs_mondrian,8,55,685,204,1109,233,1342,657,204,0.7534846233451181,0.6661067732684507,5.0,0.8263785394932935,2024
0.5,0.1,0.1,0.1,0.26527570789865873,0.0,0.9277198211624441,0.27247191011235955,0.5648286140089419,0.061313868613138686,0,0.0837138508371385,185,185,mondrian,42,55,685,204,986,356,1342,657,204,0.6627256878439909,0.6661067732684507,5.0,0.7347242921013413,2024
0.5,0.01,0.1,0.1,0.1661698956780924,0.0,0.9552906110283159,0.26905829596412556,0.4951564828614009,0.0072992700729927005,0,0.0837138508371385,203,185,cs_mondrian,5,55,685,204,1119,223,1342,657,204,0.7634274378612504,0.6661067732684507,10.0,0.8338301043219076,2024
0.5,0.1,0.1,0.1,0.26527570789865873,0.0,0.9277198211624441,0.27247191011235955,0.7213114754098361,0.061313868613138686,0,0.0837138508371385,185,185,mondrian,42,55,685,204,986,356,1342,657,204,0.6627256878439909,0.6661067732684507,10.0,0.7347242921013413,2024
0.5,0.03333333333333333,0.1,0.1,0.2540500736377025,0.0,0.9226804123711341,0.30434782608695654,0.501840942562592,0.050724637681159424,0,0.10479041916167664,199,185,cs_mondrian,35,70,690,204,1013,345,1358,668,204,0.7140929415784838,0.6556366004977044,3.0,0.7459499263622975,2026
0.5,0.1,0.1,0.1,0.33578792341678937,0.0,0.8954344624447718,0.31140350877192985,0.5427098674521355,0.10434782608695652,0,0.10479041916167664,185,185,mondrian,72,70,690,204,902,456,1358,668,204,0.6519313268805751,0.6556366004977044,3.0,0.6642120765832106,2026
0.5,0.1,0.1,0.1,0.33578792341678937,0.0,0.8954344624447718,0.31140350877192985,0.4366715758468336,0.10434782608695652,0,0.10479041916167664,185,185,cs_mondrian,72,70,690,204,902,456,1358,668,204,0.6519313268805751,0.6556366004977044,1.0,0.6642120765832106,2026
0.5,0.1,0.1,0.1,0.33578792341678937,0.0,0.8954344624447718,0.31140350877192985,0.4366715758468336,0.10434782608695652,0,0.10479041916167664,185,185,mondrian,72,70,690,204,902,456,1358,668,204,0.6519313268805751,0.6556366004977044,1.0,0.6642120765832106,2026
0.5,0.05,0.1,0.1,0.27835051546391754,0.0,0.9182621502209131,0.29365079365079366,0.4727540500736377,0.059420289855072465,0,0.10479041916167664,195,185,cs_mondrian,41,70,690,204,980,378,1358,668,204,0.692070911115777,0.6556366004977044,2.0,0.7216494845360825,2026
0.5,0.1,0.1,0.1,0.33578792341678937,0.0,0.8954344624447718,0.31140350877192985,0.4896907216494845,0.10434782608695652,0,0.10479041916167664,185,185,mondrian,72,70,690,204,902,456,1358,668,204,0.6519313268805751,0.6556366004977044,2.0,0.6642120765832106,2026
0.5,0.02,0.1,0.1,0.25257731958762886,0.0,0.9234167893961709,0.3032069970845481,0.5504418262150221,0.04927536231884058,0,0.10479041916167664,201,185,cs_mondrian,34,70,690,204,1015,343,1358,668,204,0.7182761776651748,0.6556366004977044,5.0,0.7474226804123711,2026
0.5,0.1,0.1,0.1,0.33578792341678937,0.0,0.8954344624447718,0.31140350877192985,0.6487481590574374,0.10434782608695652,0,0.10479041916167664,185,185,mondrian,72,70,690,204,902,456,1358,668,204,0.6519313268805751,0.6556366004977044,5.0,0.6642120765832106,2026
0.5,0.01,0.1,0.1,0.24374079528718703,0.0,0.9278350515463918,0.29607250755287007,0.635861561119293,0.04057971014492753,0,0.10479041916167664,203,185,cs_mondrian,28,70,690,204,1027,331,1358,668,204,0.7243648580040993,0.6556366004977044,10.0,0.7562592047128129,2026
0.5,0.1,0.1,0.1,0.33578792341678937,0.0,0.8954344624447718,0.31140350877192985,0.9138438880706922,0.10434782608695652,0,0.10479041916167664,185,185,mondrian,72,70,690,204,902,456,1358,668,204,0.6519313268805751,0.6556366004977044,10.0,0.6642120765832106,2026
0.5,0.03333333333333333,0.1,0.1,0.21273408239700375,0.0,0.9415730337078652,0.2746478873239437,0.4850187265917603,0.03235294117647059,1,0.08549618320610687,200,186,cs_mondrian,22,56,680,205,1051,284,1335,655,205,0.6967005337862449,0.6513332480167777,3.0,0.7872659176029962,7
0.5,0.1,0.1,0.1,0.2943820224719101,0.0,0.9056179775280899,0.32061068702290074,0.552059925093633,0.10294117647058823,1,0.08549618320610687,186,186,mondrian,70,56,680,205,942,393,1335,655,205,0.642084074328459,0.6513332480167777,3.0,0.7056179775280899,7
0.5,0.1,0.1,0.1,0.2943820224719101,0.0,0.9056179775280899,0.32061068702290074,0.44719101123595506,0.10294117647058823,1,0.08549618320610687,186,186,cs_mondrian,70,56,680,205,942,393,1335,655,205,0.642084074328459,0.6513332480167777,1.0,0.7056179775280899,7
0.5,0.1,0.1,0.1,0.2943820224719101,0.0,0.9056179775280899,0.32061068702290074,0.44719101123595506,0.10294117647058823,1,0.08549618320610687,186,186,mondrian,70,56,680,205,942,393,1335,655,205,0.642084074328459,0.6513332480167777,1.0,0.7056179775280899,7
0.5,0.05,0.1,0.1,0.24344569288389514,0.0,0.9310861423220974,0.28307692307692306,0.47415730337078654,0.052941176470588235,1,0.08549618320610687,196,186,cs_mondrian,36,56,680,205,1010,325,1335,655,205,0.6761472806600162,0.6513332480167777,2.0,0.7565543071161048,7
0.5,0.1,0.1,0.1,0.2943820224719101,0.0,0.9056179775280899,0.32061068702290074,0.49962546816479403,0.10294117647058823,1,0.08549618320610687,186,186,mondrian,70,56,680,205,942,393,1335,655,205,0.642084074328459,0.6513332480167777,2.0,0.7056179775280899,7
0.5,0.02,0.1,0.1,0.18202247191011237,0.0,0.949812734082397,0.2757201646090535,0.49213483146067416,0.016176470588235296,1,0.08549618320610687,202,186,cs_mondrian,11,56,680,205,1092,243,1335,655,205,0.7376658400244767,0.6513332480167777,5.0,0.8179775280898877,7
0.5,0.1,0.1,0.1,0.2943820224719101,0.0,0.9056179775280899,0.32061068702290074,0.6569288389513108,0.10294117647058823,1,0.08549618320610687,186,186,mondrian,70,56,680,205,942,393,1335,655,205,0.642084074328459,0.6513332480167777,5.0,0.7056179775280899,7
0.5,0.01,0.1,0.1,0.1745318352059925,0.0,0.9520599250936329,0.27467811158798283,0.5146067415730337,0.011764705882352941,1,0.08549618320610687,204,186,cs_mondrian,8,56,680,205,1102,233,1335,655,205,0.7476694755125128,0.6513332480167777,10.0,0.8254681647940075,7
0.5,0.1,0.1,0.1,0.2943820224719101,0.0,0.9056179775280899,0.32061068702290074,0.9191011235955057,0.10294117647058823,1,0.08549618320610687,186,186,mondrian,70,56,680,205,942,393,1335,655,205,0.642084074328459,0.6513332480167777,10.0,0.7056179775280899,7
0.5,0.03333333333333333,0.1,0.1,0.2169035153328347,0.0,0.931189229618549,0.31724137931034485,0.4738219895287958,0.013157894736842105,1,0.12710566615620214,200,186,cs_mondrian,9,83,684,205,1047,290,1337,653,205,0.7555863555641505,0.6350809456237936,3.0,0.7830964846671653,42
0.5,0.1,0.1,0.1,0.35228122662677636,0.0,0.8773373223635004,0.3481953290870488,0.5676888556469708,0.11842105263157894,1,0.12710566615620214,186,186,mondrian,81,83,684,205,866,471,1337,653,205,0.6455226984447384,0.6350809456237936,3.0,0.6477187733732236,42
0.5,0.1,0.1,0.1,0.35228122662677636,0.0,0.8773373223635004,0.3481953290870488,0.4465220643231114,0.11842105263157894,1,0.12710566615620214,186,186,cs_mondrian,81,83,684,205,866,471,1337,653,205,0.6455226984447384,0.6350809456237936,1.0,0.6477187733732236,42
0.5,0.1,0.1,0.1,0.35228122662677636,0.0,0.8773373223635004,0.3481953290870488,0.4465220643231114,0.11842105263157894,1,0.12710566615620214,186,186,mondrian,81,83,684,205,866,471,1337,653,205,0.6455226984447384,0.6350809456237936,1.0,0.6477187733732236,42
0.5,0.05,0.1,0.1,0.22887060583395663,0.0,0.9274495138369484,0.31699346405228757,0.468586387434555,0.02046783625730994,1,0.12710566615620214,196,186,cs_mondrian,14,83,684,205,1031,306,1337,653,205,0.7391125688730855,0.6350809456237936,2.0,0.7711293941660434,42
0.5,0.1,0.1,0.1,0.35228122662677636,0.0,0.8773373223635004,0.3481953290870488,0.5071054599850411,0.11842105263157894,1,0.12710566615620214,186,186,mondrian,81,83,684,205,866,471,1337,653,205,0.6455226984447384,0.6350809456237936,2.0,0.6477187733732236,42
0.5,0.02,0.1,0.1,0.20867614061331338,0.0,0.9334330590875094,0.31899641577060933,0.4801795063575168,0.008771929824561403,1,0.12710566615620214,202,186,cs_mondrian,6,83,684,205,1058,279,1337,653,205,0.7681079322551989,0.6350809456237936,5.0,0.7913238593866866,42
0.5,0.1,0.1,0.1,0.35228122662677636,0.0,0.8773373223635004,0.3481953290870488,0.6888556469708302,0.11842105263157894,1,0.12710566615620214,186,186,mondrian,81,83,684,205,866,471,1337,653,205,0.6455226984447384,0.6350809456237936,5.0,0.6477187733732236,42
0.5,0.01,0.1,0.1,0.20044876589379207,0.0,0.9364248317127898,0.31716417910447764,0.4768137621540763,0.0029239766081871343,1,0.12710566615620214,204,186,cs_mondrian,2,83,684,205,1069,268,1337,653,205,0.7906846166783171,0.6350809456237936,10.0,0.7995512341062079,42
0.5,0.1,0.1,0.1,0.35228122662677636,0.0,0.8773373223635004,0.3481953290870488,0.9917726252804787,0.11842105263157894,1,0.12710566615620214,186,186,mondrian,81,83,684,205,866,471,1337,653,205,0.6455226984447384,0.6350809456237936,10.0,0.6477187733732236,42
0.5,0.03333333333333333,0.1,0.1,0.153219837157661,0.0,0.9496669133974833,0.3285024154589372,0.4944485566247224,0.020437956204379562,1,0.08108108108108109,200,186,cs_mondrian,14,54,685,205,1144,207,1351,666,205,0.7466556290302389,0.6725172763936148,3.0,0.846780162842339,123
0.5,0.1,0.1,0.1,0.25684678016284235,0.0,0.9126572908956329,0.3400576368876081,0.5536639526276832,0.09343065693430656,1,0.08108108108108109,186,186,mondrian,64,54,685,205,1004,347,1351,666,205,0.6636365467287941,0.6725172763936148,3.0,0.7431532198371577,123
0.5,0.1,0.1,0.1,0.25684678016284235,0.0,0.9126572908956329,0.3400576368876081,0.45891931902294597,0.09343065693430656,1,0.08108108108108109,186,186,cs_mondrian,64,54,685,205,1004,347,1351,666,205,0.6636365467287941,0.6725172763936148,1.0,0.7431532198371577,123
0.5,0.1,0.1,0.1,0.25684678016284235,0.0,0.9126572908956329,0.3400576368876081,0.45891931902294597,0.09343065693430656,1,0.08108108108108109,186,186,mondrian,64,54,685,205,1004,347,1351,666,205,0.6636365467287941,0.6725172763936148,1.0,0.7431532198371577,123
0.5,0.05,0.1,0.1,0.17690599555884529,0.0,0.9415247964470762,0.3305439330543933,0.48852701702442636,0.0364963503649635,1,0.08108108108108109,196,186,cs_mondrian,25,54,685,205,1112,239,1351,666,205,0.7206711165785178,0.6725172763936148,2.0,0.8230940044411547,123
0.5,0.1,0.1,0.1,0.25684678016284235,0.0,0.9126572908956329,0.3400576368876081,0.5062916358253146,0.09343065693430656,1,0.08108108108108109,186,186,mondrian,64,54,685,205,1004,347,1351,666,205,0.6636365467287941,0.6725172763936148,2.0,0.7431532198371577,123
0.5,0.02,0.1,0.1,0.14877868245743894,0.0,0.9518874907475944,0.32338308457711445,0.5062916358253146,0.016058394160583942,1,0.08108108108108109,202,186,cs_mondrian,11,54,685,205,1150,201,1351,666,205,0.7529528882388947,0.6725172763936148,5.0,0.851221317542561,123
0.5,0.1,0.1,0.1,0.25684678016284235,0.0,0.9126572908956329,0.3400576368876081,0.6484085862324205,0.09343065693430656,1,0.08108108108108109,186,186,mondrian,64,54,685,205,1004,347,1351,666,205,0.6636365467287941,0.6725172763936148,5.0,0.7431532198371577,123
0.5,0.01,0.1,0.1,0.12805329385640266,0.0,0.9585492227979274,0.3236994219653179,0.49074759437453735,0.00291970802919708,1,0.08108108108108109,204,186,cs_mondrian,2,54,685,205,1178,173,1351,666,205,0.8134531488214115,0.6725172763936148,10.0,0.8719467061435974,123
0.5,0.1,0.1,0.1,0.25684678016284235,0.0,0.9126572908956329,0.3400576368876081,0.8852701702442635,0.09343065693430656,1,0.08108108108108109,186,186,mondrian,64,54,685,205,1004,347,1351,666,205,0.6636365467287941,0.6725172763936148,10.0,0.7431532198371577,123
0.5,0.03333333333333333,0.1,0.1,0.19895678092399405,0.0,0.9351713859910581,0.3258426966292135,0.5026080476900149,0.03676470588235294,1,0.09365558912386707,200,186,cs_mondrian,25,62,680,205,1075,267,1342,662,205,0.7120378398657213,0.6553967484840759,3.0,0.801043219076006,2024
0.5,0.1,0.1,0.1,0.3375558867362146,0.0,0.8874813710879285,0.3333333333333333,0.5763785394932935,0.13088235294117648,1,0.09365558912386707,186,186,mondrian,89,62,680,205,889,453,1342,662,205,0.6214024930365061,0.6553967484840759,3.0,0.6624441132637854,2024
0.5,0.1,0.1,0.1,0.3375558867362146,0.0,0.8874813710879285,0.3333333333333333,0.44374068554396423,0.13088235294117648,1,0.09365558912386707,186,186,cs_mondrian,89,62,680,205,889,453,1342,662,205,0.6214024930365061,0.6553967484840759,1.0,0.6624441132637854,2024
0.5,0.1,0.1,0.1,0.3375558867362146,0.0,0.8874813710879285,0.3333333333333333,0.44374068554396423,0.13088235294117648,1,0.09365558912386707,186,186,mondrian,89,62,680,205,889,453,1342,662,205,0.6214024930365061,0.6553967484840759,1.0,0.6624441132637854,2024
0.5,0.05,0.1,0.1,0.22950819672131148,0.0,0.9262295081967213,0.32142857142857145,0.48658718330849476,0.054411764705882354,1,0.09365558912386707,196,186,cs_mondrian,37,62,680,205,1034,308,1342,662,205,0.686611115907958,0.6553967484840759,2.0,0.7704918032786885,2024
0.5,0.1,0.1,0.1,0.3375558867362146,0.0,0.8874813710879285,0.3333333333333333,0.5100596125186289,0.13088235294117648,1,0.09365558912386707,186,186,mondrian,89,62,680,205,889,453,1342,662,205,0.6214024930365061,0.6553967484840759,2.0,0.6624441132637854,2024
0.5,0.02,0.1,0.1,0.18926974664679583,0.0,0.9396423248882265,0.3188976377952756,0.522354694485842,0.027941176470588237,1,0.09365558912386707,202,186,cs_mondrian,19,62,680,205,1088,254,1342,662,205,0.7249154515086398,0.6553967484840759,5.0,0.8107302533532041,2024
0.5,0.1,0.1,0.1,0.3375558867362146,0.0,0.8874813710879285,0.3333333333333333,0.7090163934426229,0.13088235294117648,1,0.09365558912386707,186,186,mondrian,89,62,680,205,889,453,1342,662,205,0.6214024930365061,0.6553967484840759,5.0,0.6624441132637854,2024
0.5,0.01,0.1,0.1,0.1572280178837556,0.0,0.9508196721311475,0.3127962085308057,0.4973919523099851,0.0058823529411764705,1,0.09365558912386707,204,186,cs_mondrian,4,62,680,205,1131,211,1342,662,205,0.7758617244832342,0.6553967484840759,10.0,0.8427719821162444,2024
0.5,0.1,0.1,0.1,0.3375558867362146,0.0,0.8874813710879285,0.3333333333333333,1.0406110283159464,0.13088235294117648,1,0.09365558912386707,186,186,mondrian,89,62,680,205,889,453,1342,662,205,0.6214024930365061,0.6553967484840759,10.0,0.6624441132637854,2024
0.5,0.03333333333333333,0.1,0.1,0.23940520446096655,0.0,0.9226765799256506,0.32298136645962733,0.47695167286245355,0.01897810218978102,1,0.13787878787878788,200,186,cs_mondrian,13,91,685,205,1023,322,1345,660,205,0.7283927421027707,0.6445203735504768,3.0,0.7605947955390334,2026
0.5,0.1,0.1,0.1,0.35018587360594794,0.0,0.883271375464684,0.3333333333333333,0.5397769516728624,0.09635036496350365,1,0.13787878787878788,186,186,mondrian,66,91,685,205,874,471,1345,660,205,0.6439586490194933,0.6445203735504768,3.0,0.649814126394052,2026
0.5,0.1,0.1,0.1,0.35018587360594794,0.0,0.883271375464684,0.3333333333333333,0.441635687732342,0.09635036496350365,1,0.13787878787878788,186,186,cs_mondrian,66,91,685,205,874,471,1345,660,205,0.6439586490194933,0.6445203735504768,1.0,0.649814126394052,2026
0.5,0.1,0.1,0.1,0.35018587360594794,0.0,0.883271375464684,0.3333333333333333,0.441635687732342,0.09635036496350365,1,0.13787878787878788,186,186,mondrian,66,91,685,205,874,471,1345,660,205,0.6439586490194933,0.6445203735504768,1.0,0.649814126394052,2026
0.5,0.05,0.1,0.1,0.28475836431226764,0.0,0.9063197026022305,0.3289817232375979,0.47732342007434947,0.051094890510948905,1,0.13787878787878788,196,186,cs_mondrian,35,91,685,205,962,383,1345,660,205,0.6865062941292823,0.6445203735504768,2.0,0.7152416356877324,2026
0.5,0.1,0.1,0.1,0.35018587360594794,0.0,0.883271375464684,0.3333333333333333,0.49070631970260226,0.09635036496350365,1,0.13787878787878788,186,186,mondrian,66,91,685,205,874,471,1345,660,205,0.6439586490194933,0.6445203735504768,2.0,0.649814126394052,2026
0.5,0.02,0.1,0.1,0.22602230483271377,0.0,0.9271375464684015,0.3223684210526316,0.48066914498141267,0.010218978102189781,1,0.13787878787878788,202,186,cs_mondrian,7,91,685,205,1041,304,1345,660,205,0.7464178652718036,0.6445203735504768,5.0,0.7739776951672862,2026
0.5,0.1,0.1,0.1,0.35018587360594794,0.0,0.883271375464684,0.3333333333333333,0.6379182156133829,0.09635036496350365,1,0.13787878787878788,186,186,mondrian,66,91,685,205,874,471,1345,660,205,0.6439586490194933,0.6445203735504768,5.0,0.649814126394052,2026
0.5,0.01,0.1,0.1,0.21858736059479553,0.0,0.9271375464684015,0.3333333333333333,0.5104089219330855,0.010218978102189781,1,0.13787878787878788,204,186,cs_mondrian,7,91,685,205,1051,294,1345,660,205,0.7639937677817952,0.6445203735504768,10.0,0.7814126394052044,2026
0.5,0.1,0.1,0.1,0.35018587360594794,0.0,0.883271375464684,0.3333333333333333,0.883271375464684,0.09635036496350365,1,0.13787878787878788,186,186,mondrian,66,91,685,205,874,471,1345,660,205,0.6439586490194933,0.6445203735504768,10.0,0.649814126394052,2026
0.5,0.03333333333333333,0.1,0.1,0.241635687732342,0.0,0.9234200743494424,0.3169230769230769,0.48401486988847586,0.02785923753665689,2,0.12669683257918551,200,186,cs_mondrian,19,84,682,205,1020,325,1345,663,205,0.7312801147959983,0.6364014238396306,3.0,0.758364312267658,7
0.5,0.1,0.1,0.1,0.3286245353159851,0.0,0.8929368029739777,0.3257918552036199,0.5319702602230483,0.08797653958944282,2,0.12669683257918551,186,186,mondrian,60,84,682,205,903,442,1345,663,205,0.6517357385516237,0.6364014238396306,3.0,0.6713754646840149,7
0.5,0.1,0.1,0.1,0.3286245353159851,0.0,0.8929368029739777,0.3257918552036199,0.44275092936802973,0.08797653958944282,2,0.12669683257918551,186,186,cs_mondrian,60,84,682,205,903,442,1345,663,205,0.6517357385516237,0.6364014238396306,1.0,0.6713754646840149,7
0.5,0.1,0.1,0.1,0.3286245353159851,0.0,0.8929368029739777,0.3257918552036199,0.44275092936802973,0.08797653958944282,2,0.12669683257918551,186,186,mondrian,60,84,682,205,903,442,1345,663,205,0.6517357385516237,0.6364014238396306,1.0,0.6713754646840149,7
0.5,0.05,0.1,0.1,0.27063197026022306,0.0,0.9092936802973978,0.33516483516483514,0.48364312267657994,0.05571847507331378,2,0.12669683257918551,196,186,cs_mondrian,38,84,682,205,981,364,1345,663,205,0.6956450888916932,0.6364014238396306,2.0,0.729368029739777,7
0.5,0.1,0.1,0.1,0.3286245353159851,0.0,0.8929368029739777,0.3257918552036199,0.48736059479553906,0.08797653958944282,2,0.12669683257918551,186,186,mondrian,60,84,682,205,903,442,1345,663,205,0.6517357385516237,0.6364014238396306,2.0,0.6713754646840149,7
0.5,0.02,0.1,0.1,0.2342007434944238,0.0,0.9256505576208178,0.31746031746031744,0.5048327137546469,0.02346041055718475,2,0.12669683257918551,202,186,cs_mondrian,16,84,682,205,1030,315,1345,663,205,0.742464149498304,0.6364014238396306,5.0,0.7657992565055762,7
0.5,0.1,0.1,0.1,0.3286245353159851,0.0,0.8929368029739777,0.3257918552036199,0.6211895910780669,0.08797653958944282,2,0.12669683257918551,186,186,mondrian,60,84,682,205,903,442,1345,663,205,0.6517357385516237,0.6364014238396306,5.0,0.6713754646840149,7
0.5,0.01,0.1,0.1,0.21115241635687731,0.0,0.9338289962825279,0.31338028169014087,0.49405204460966545,0.007331378299120235,2,0.12669683257918551,204,186,cs_mondrian,5,84,682,205,1061,284,1345,663,205,0.7884227172373195,0.6364014238396306,10.0,0.7888475836431227,7
0.5,0.1,0.1,0.1,0.3286245353159851,0.0,0.8929368029739777,0.3257918552036199,0.8442379182156133,0.08797653958944282,2,0.12669683257918551,186,186,mondrian,60,84,682,205,903,442,1345,663,205,0.6517357385516237,0.6364014238396306,10.0,0.6713754646840149,7
0.5,0.03333333333333333,0.1,0.1,0.23434045689019897,0.0,0.9255711127487104,0.31761006289308175,0.4896831245394252,0.031791907514450865,2,0.11879699248120301,200,186,cs_mondrian,22,79,692,205,1039,318,1357,665,205,0.7121878927979473,0.6342247634102021,3.0,0.765659543109801,42
0.5,0.1,0.1,0.1,0.3625644804716286,0.0,0.8776713338246132,0.33739837398373984,0.5692704495210023,0.12572254335260116,2,0.11879699248120301,186,186,mondrian,87,79,692,205,865,492,1357,665,205,0.6335192766878847,0.6342247634102021,3.0,0.6374355195283714,42
0.5,0.1,0.1,0.1,0.3625644804716286,0.0,0.8776713338246132,0.33739837398373984,0.4410464259395726,0.12572254335260116,2,0.11879699248120301,186,186,cs_mondrian,87,79,692,205,865,492,1357,665,205,0.6335192766878847,0.6342247634102021,1.0,0.6374355195283714,42
0.5,0.1,0.1,0.1,0.3625644804716286,0.0,0.8776713338246132,0.33739837398373984,0.4410464259395726,0.12572254335260116,2,0.11879699248120301,186,186,mondrian,87,79,692,205,865,492,1357,665,205,0.6335192766878847,0.6342247634102021,1.0,0.6374355195283714,42
0.5,0.05,0.1,0.1,0.288135593220339,0.0,0.9042004421518055,0.33248081841432225,0.48931466470154755,0.07369942196531792,2,0.11879699248120301,196,186,cs_mondrian,51,79,692,205,966,391,1357,665,205,0.6745193110281917,0.6342247634102021,2.0,0.711864406779661,42
0.5,0.1,0.1,0.1,0.3625644804716286,0.0,0.8776713338246132,0.33739837398373984,0.5051584377302873,0.12572254335260116,2,0.11879699248120301,186,186,mondrian,87,79,692,205,865,492,1357,665,205,0.6335192766878847,0.6342247634102021,2.0,0.6374355195283714,42
0.5,0.02,0.1,0.1,0.19749447310243184,0.0,0.9336772291820191,0.3358208955223881,0.5,0.015895953757225433,2,0.11879699248120301,202,186,cs_mondrian,11,79,692,205,1089,268,1357,665,205,0.7567095871674627,0.6342247634102021,5.0,0.8025055268975682,42
0.5,0.1,0.1,0.1,0.3625644804716286,0.0,0.8776713338246132,0.33739837398373984,0.6974944731024318,0.12572254335260116,2,0.11879699248120301,186,186,mondrian,87,79,692,205,865,492,1357,665,205,0.6335192766878847,0.6342247634102021,5.0,0.6374355195283714,42
0.5,0.01,0.1,0.1,0.18570375829034635,0.0,0.9388356669123066,0.32936507936507936,0.4948415622697126,0.005780346820809248,2,0.11879699248120301,204,186,cs_mondrian,4,79,692,205,1105,252,1357,665,205,0.7831839818469202,0.6342247634102021,10.0,0.8142962417096536,42
0.5,0.1,0.1,0.1,0.3625644804716286,0.0,0.8776713338246132,0.33739837398373984,1.018054532056006,0.12572254335260116,2,0.11879699248120301,186,186,mondrian,87,79,692,205,865,492,1357,665,205,0.6335192766878847,0.6342247634102021,10.0,0.6374355195283714,42
0.5,0.03333333333333333,0.1,0.1,0.270392749244713,0.0,0.9040785498489426,0.3547486033519553,0.49697885196374625,0.035346097201767304,2,0.15968992248062017,200,186,cs_mondrian,24,103,679,205,966,358,1324,645,205,0.718533036874712,0.6322846961677934,3.0,0.729607250755287,123
0.5,0.1,0.1,0.1,0.3512084592145015,0.0,0.8783987915407855,0.34623655913978496,0.5336102719033232,0.08541973490427099,2,0.15968992248062017,186,186,mondrian,58,103,679,205,859,465,1324,645,205,0.6561544378084516,0.6322846961677934,3.0,0.6487915407854985,123
0.5,0.1,0.1,0.1,0.3512084592145015,0.0,0.8783987915407855,0.34623655913978496,0.44599697885196377,0.08541973490427099,2,0.15968992248062017,186,186,cs_mondrian,58,103,679,205,859,465,1324,645,205,0.6561544378084516,0.6322846961677934,1.0,0.6487915407854985,123
0.5,0.1,0.1,0.1,0.3512084592145015,0.0,0.8783987915407855,0.34623655913978496,0.44599697885196377,0.08541973490427099,2,0.15968992248062017,186,186,mondrian,58,103,679,205,859,465,1324,645,205,0.6561544378084516,0.6322846961677934,1.0,0.6487915407854985,123
0.5,0.05,0.1,0.1,0.2854984894259819,0.0,0.9003021148036254,0.3492063492063492,0.4788519637462236,0.042709867452135494,2,0.15968992248062017,196,186,cs_mondrian,29,103,679,205,946,378,1324,645,205,0.7042444549319162,0.6322846961677934,2.0,0.7145015105740181,123
0.5,0.1,0.1,0.1,0.3512084592145015,0.0,0.8783987915407855,0.34623655913978496,0.4898036253776435,0.08541973490427099,2,0.15968992248062017,186,186,mondrian,58,103,679,205,859,465,1324,645,205,0.6561544378084516,0.6322846961677934,2.0,0.6487915407854985,123
0.5,0.02,0.1,0.1,0.25226586102719034,0.0,0.9123867069486404,0.3473053892215569,0.5007552870090635,0.01914580265095729,2,0.15968992248062017,202,186,cs_mondrian,13,103,679,205,990,334,1324,645,205,0.74029875654707,0.6322846961677934,5.0,0.7477341389728097,123
0.5,0.1,0.1,0.1,0.3512084592145015,0.0,0.8783987915407855,0.34623655913978496,0.6212235649546828,0.08541973490427099,2,0.15968992248062017,186,186,mondrian,58,103,679,205,859,465,1324,645,205,0.6561544378084516,0.6322846961677934,5.0,0.6487915407854985,123
0.5,0.01,0.1,0.1,0.24018126888217523,0.0,0.9176737160120846,0.34276729559748426,0.5030211480362538,0.008836524300441826,2,0.15968992248062017,204,186,cs_mondrian,6,103,679,205,1006,318,1324,645,205,0.768259633095725,0.6322846961677934,10.0,0.7598187311178247,123
0.5,0.1,0.1,0.1,0.3512084592145015,0.0,0.8783987915407855,0.34623655913978496,0.8402567975830816,0.08541973490427099,2,0.15968992248062017,186,186,mondrian,58,103,679,205,859,465,1324,645,205,0.6561544378084516,0.6322846961677934,10.0,0.6487915407854985,123
0.5,0.03333333333333333,0.1,0.1,0.22595078299776286,0.0,0.9284116331096197,0.31683168316831684,0.4750186428038777,0.016129032258064516,2,0.12898330804248861,200,186,cs_mondrian,11,85,682,205,1038,303,1341,659,205,0.7394129224628709,0.6337384326962141,3.0,0.7740492170022372,2024
0.5,0.1,0.1,0.1,0.3378076062639821,0.0,0.889634601043997,0.32671081677704195,0.5354213273676361,0.09237536656891496,2,0.12898330804248861,186,186,mondrian,63,85,682,205,888,453,1341,659,205,0.651608327197161,0.6337384326962141,3.0,0.6621923937360179,2024
0.5,0.1,0.1,0.1,0.3378076062639821,0.0,0.889634601043997,0.32671081677704195,0.44146159582401195,0.09237536656891496,2,0.12898330804248861,186,186,cs_mondrian,63,85,682,205,888,453,1341,659,205,0.651608327197161,0.6337384326962141,1.0,0.6621923937360179,2024
0.5,0.1,0.1,0.1,0.3378076062639821,0.0,0.889634601043997,0.32671081677704195,0.44146159582401195,0.09237536656891496,2,0.12898330804248861,186,186,mondrian,63,85,682,205,888,453,1341,659,205,0.651608327197161,0.6337384326962141,1.0,0.6621923937360179,2024
0.5,0.05,0.1,0.1,0.25279642058165547,0.0,0.918717375093214,0.3215339233038348,0.4727815063385533,0.03519061583577713,2,0.12898330804248861,196,186,cs_mondrian,24,85,682,205,1002,339,1341,659,205,0.7113561685122511,0.6337384326962141,2.0,0.7472035794183445,2024
0.5,0.1,0.1,0.1,0.3378076062639821,0.0,0.889634601043997,0.32671081677704195,0.488441461595824,0.09237536656891496,2,0.12898330804248861,186,186,mondrian,63,85,682,205,888,453,1341,659,205,0.651608327197161,0.6337384326962141,2.0,0.6621923937360179,2024
0.5,0.02,0.1,0.1,0.21252796420581654,0.0,0.935868754660701,0.3017543859649123,0.4608501118568233,0.001466275659824047,2,0.12898330804248861,202,186,cs_mondrian,1,85,682,205,1056,285,1341,659,205,0.7642779844275469,0.6337384326962141,5.0,0.7874720357941835,2024
0.5,0.1,0.1,0.1,0.3378076062639821,0.0,0.889634601043997,0.32671081677704195,0.6293810589112603,0.09237536656891496,2,0.12898330804248861,186,186,mondrian,63,85,682,205,888,453,1341,659,205,0.651608327197161,0.6337384326962141,5.0,0.6621923937360179,2024
0.5,0.01,0.1,0.1,0.203579418344519,0.0,0.935868754660701,0.315018315018315,0.4690529455630127,0.001466275659824047,2,0.12898330804248861,204,186,cs_mondrian,1,85,682,205,1068,273,1341,659,205,0.7954696072694571,0.6337384326962141,10.0,0.796420581655481,2024
0.5,0.1,0.1,0.1,0.3378076062639821,0.0,0.889634601043997,0.32671081677704195,0.8642803877703207,0.09237536656891496,2,0.12898330804248861,186,186,mondrian,63,85,682,205,888,453,1341,659,205,0.651608327197161,0.6337384326962141,10.0,0.6621923937360179,2024
0.5,0.03333333333333333,0.1,0.1,0.24738415545590434,0.0,0.9162929745889388,0.338368580060423,0.4943946188340807,0.03328509406657019,2,0.1375579598145286,200,186,cs_mondrian,23,89,691,205,1007,331,1338,647,205,0.7033184375254142,0.63332064463186,3.0,0.7526158445440957,2026
0.5,0.1,0.1,0.1,0.31614349775784756,0.0,0.8863976083707026,0.35933806146572106,0.5497010463378177,0.09117221418234443,2,0.1375579598145286,186,186,mondrian,63,89,691,205,915,423,1338,647,205,0.6427696931586271,0.63332064463186,3.0,0.6838565022421524,2026
0.5,0.1,0.1,0.1,0.31614349775784756,0.0,0.8863976083707026,0.35933806146572106,0.4555306427503737,0.09117221418234443,2,0.1375579598145286,186,186,cs_mondrian,63,89,691,205,915,423,1338,647,205,0.6427696931586271,0.63332064463186,1.0,0.6838565022421524,2026
0.5,0.1,0.1,0.1,0.31614349775784756,0.0,0.8863976083707026,0.35933806146572106,0.4555306427503737,0.09117221418234443,2,0.1375579598145286,186,186,mondrian,63,89,691,205,915,423,1338,647,205,0.6427696931586271,0.63332064463186,1.0,0.6838565022421524,2026
0.5,0.05,0.1,0.1,0.2615844544095665,0.0,0.9110612855007474,0.34,0.48056801195814647,0.04341534008683068,2,0.1375579598145286,196,186,cs_mondrian,30,89,691,205,988,350,1338,647,205,0.6870946050769469,0.63332064463186,2.0,0.7384155455904334,2026
0.5,0.1,0.1,0.1,0.31614349775784756,0.0,0.8863976083707026,0.35933806146572106,0.5026158445440957,0.09117221418234443,2,0.1375579598145286,186,186,mondrian,63,89,691,205,915,423,1338,647,205,0.6427696931586271,0.63332064463186,2.0,0.6838565022421524,2026
0.5,0.02,0.1,0.1,0.23542600896860988,0.0,0.9200298953662183,0.3396825396825397,0.5160687593423019,0.02604920405209841,2,0.1375579598145286,202,186,cs_mondrian,18,89,691,205,1023,315,1338,647,205,0.7159086991675698,0.63332064463186,5.0,0.7645739910313901,2026
0.5,0.1,0.1,0.1,0.31614349775784756,0.0,0.8863976083707026,0.35933806146572106,0.6438714499252616,0.09117221418234443,2,0.1375579598145286,186,186,mondrian,63,89,691,205,915,423,1338,647,205,0.6427696931586271,0.63332064463186,5.0,0.6838565022421524,2026
0.5,0.01,0.1,0.1,0.2077727952167414,0.0,0.9289985052316891,0.34172661870503596,0.507473841554559,0.008683068017366137,2,0.1375579598145286,204,186,cs_mondrian,6,89,691,205,1060,278,1338,647,205,0.7620958562774613,0.63332064463186,10.0,0.7922272047832586,2026
0.5,0.1,0.1,0.1,0.31614349775784756,0.0,0.8863976083707026,0.35933806146572106,0.8792974588938715,0.09117221418234443,2,0.1375579598145286,186,186,mondrian,63,89,691,205,915,423,1338,647,205,0.6427696931586271,0.63332064463186,10.0,0.6838565022421524,2026
0.5,0.03333333333333333,0.1,0.1,0.24253731343283583,0.0,0.926865671641791,0.30153846153846153,0.4742537313432836,0.02167630057803468,3,0.12808641975308643,200,186,cs_mondrian,15,83,692,205,1015,325,1340,648,205,0.7363392948186103,0.6107288731363787,3.0,0.7574626865671642,7
0.5,0.1,0.1,0.1,0.332089552238806,0.0,0.8917910447761194,0.3258426966292135,0.5347014925373135,0.08959537572254335,3,0.12808641975308643,186,186,mondrian,62,83,692,205,895,445,1340,648,205,0.662438650716066,0.6107288731363787,3.0,0.667910447761194,7
0.5,0.1,0.1,0.1,0.332089552238806,0.0,0.8917910447761194,0.3258426966292135,0.44216417910447764,0.08959537572254335,3,0.12808641975308643,186,186,cs_mondrian,62,83,692,205,895,445,1340,648,205,0.662438650716066,0.6107288731363787,1.0,0.667910447761194,7
0.5,0.1,0.1,0.1,0.332089552238806,0.0,0.8917910447761194,0.3258426966292135,0.44216417910447764,0.08959537572254335,3,0.12808641975308643,186,186,mondrian,62,83,692,205,895,445,1340,648,205,0.662438650716066,0.6107288731363787,1.0,0.667910447761194,7
0.5,0.05,0.1,0.1,0.25522388059701495,0.0,0.923134328358209,0.30116959064327486,0.46417910447761196,0.028901734104046242,3,0.12808641975308643,196,186,cs_mondrian,20,83,692,205,998,342,1340,648,205,0.7223904541778099,0.6107288731363787,2.0,0.744776119402985,7
0.5,0.1,0.1,0.1,0.332089552238806,0.0,0.8917910447761194,0.3258426966292135,0.48843283582089553,0.08959537572254335,3,0.12808641975308643,186,186,mondrian,62,83,692,205,895,445,1340,648,205,0.662438650716066,0.6107288731363787,2.0,0.667910447761194,7
0.5,0.02,0.1,0.1,0.23059701492537313,0.0,0.9313432835820895,0.2977346278317152,0.48022388059701493,0.01300578034682081,3,0.12808641975308643,202,186,cs_mondrian,9,83,692,205,1031,309,1340,648,205,0.7488712617881017,0.6107288731363787,5.0,0.7694029850746269,7
0.5,0.1,0.1,0.1,0.332089552238806,0.0,0.8917910447761194,0.3258426966292135,0.6272388059701492,0.08959537572254335,3,0.12808641975308643,186,186,mondrian,62,83,692,205,895,445,1340,648,205,0.662438650716066,0.6107288731363787,5.0,0.667910447761194,7
0.5,0.01,0.1,0.1,0.22238805970149253,0.0,0.9343283582089552,0.2953020134228188,0.4880597014925373,0.0072254335260115606,3,0.12808641975308643,204,186,cs_mondrian,5,83,692,205,1042,298,1340,648,205,0.763086064501557,0.6107288731363787,10.0,0.7776119402985074,7
0.5,0.1,0.1,0.1,0.332089552238806,0.0,0.8917910447761194,0.3258426966292135,0.8585820895522388,0.08959537572254335,3,0.12808641975308643,186,186,mondrian,62,83,692,205,895,445,1340,648,205,0.662438650716066,0.6107288731363787,10.0,0.667910447761194,7
0.5,0.03333333333333333,0.1,0.1,0.24002954209748892,0.0,0.9217134416543574,0.3261538461538461,0.5055391432791728,0.0463768115942029,3,0.11144578313253012,200,186,cs_mondrian,32,74,690,205,1029,325,1354,664,205,0.711627141781845,0.6434801091973779,3.0,0.759970457902511,42
0.5,0.1,0.1,0.1,0.34933530280649927,0.0,0.8818316100443131,0.3382663847780127,0.5705317577548006,0.1246376811594203,3,0.11144578313253012,186,186,mondrian,86,74,690,205,881,473,1354,664,205,0.6318691033438585,0.6434801091973779,3.0,0.6506646971935007,42
0.5,0.1,0.1,0.1,0.34933530280649927,0.0,0.8818316100443131,0.3382663847780127,0.4435007385524372,0.1246376811594203,3,0.11144578313253012,186,186,cs_mondrian,86,74,690,205,881,473,1354,664,205,0.6318691033438585,0.6434801091973779,1.0,0.6506646971935007,42
0.5,0.1,0.1,0.1,0.34933530280649927,0.0,0.8818316100443131,0.3382663847780127,0.4435007385524372,0.1246376811594203,3,0.11144578313253012,186,186,mondrian,86,74,690,205,881,473,1354,664,205,0.6318691033438585,0.6434801091973779,1.0,0.6506646971935007,42
0.5,0.05,0.1,0.1,0.28360413589364847,0.0,0.9039881831610044,0.3385416666666667,0.49556868537666177,0.08115942028985507,3,0.11144578313253012,196,186,cs_mondrian,56,74,690,205,970,384,1354,664,205,0.6800096020154665,0.6434801091973779,2.0,0.7163958641063516,42
0.5,0.1,0.1,0.1,0.34933530280649927,0.0,0.8818316100443131,0.3382663847780127,0.5070162481536189,0.1246376811594203,3,0.11144578313253012,186,186,mondrian,86,74,690,205,881,473,1354,664,205,0.6318691033438585,0.6434801091973779,2.0,0.6506646971935007,42
0.5,0.02,0.1,0.1,0.21048744460856722,0.0,0.931314623338257,0.3263157894736842,0.5195716395864106,0.02753623188405797,3,0.11144578313253012,202,186,cs_mondrian,19,74,690,205,1069,285,1354,664,205,0.7400016005484318,0.6434801091973779,5.0,0.7895125553914328,42
0.5,0.1,0.1,0.1,0.34933530280649927,0.0,0.8818316100443131,0.3382663847780127,0.697562776957164,0.1246376811594203,3,0.11144578313253012,186,186,mondrian,86,74,690,205,881,473,1354,664,205,0.6318691033438585,0.6434801091973779,5.0,0.6506646971935007,42
0.5,0.01,0.1,0.1,0.1935007385524372,0.0,0.9387001477104875,0.31679389312977096,0.5243722304283605,0.013043478260869565,3,0.11144578313253012,204,186,cs_mondrian,9,74,690,205,1092,262,1354,664,205,0.7580084023302511,0.6434801091973779,10.0,0.8064992614475628,42
0.5,0.1,0.1,0.1,0.34933530280649927,0.0,0.8818316100443131,0.3382663847780127,1.0151403249630724,0.1246376811594203,3,0.11144578313253012,186,186,mondrian,86,74,690,205,881,473,1354,664,205,0.6318691033438585,0.6434801091973779,10.0,0.6506646971935007,42
0.5,0.03333333333333333,0.1,0.1,0.24755455229495862,0.0,0.9255079006772009,0.3009118541033435,0.48081264108352145,0.02936857562408223,3,0.12191358024691358,200,186,cs_mondrian,20,79,681,205,1000,329,1329,648,205,0.7101208814341922,0.6396261198294158,3.0,0.7524454477050414,123
0.5,0.1,0.1,0.1,0.36418359668924005,0.0,0.8833709556057185,0.3202479338842975,0.5489089541008277,0.11160058737151249,3,0.12191358024691358,186,186,mondrian,76,79,681,205,845,484,1329,648,205,0.6174018101560498,0.6396261198294158,3.0,0.63581640331076,123
0.5,0.1,0.1,0.1,0.36418359668924005,0.0,0.8833709556057185,0.3202479338842975,0.4345372460496614,0.11160058737151249,3,0.12191358024691358,186,186,cs_mondrian,76,79,681,205,845,484,1329,648,205,0.6174018101560498,0.6396261198294158,1.0,0.63581640331076,123
0.5,0.1,0.1,0.1,0.36418359668924005,0.0,0.8833709556057185,0.3202479338842975,0.4345372460496614,0.11160058737151249,3,0.12191358024691358,186,186,mondrian,76,79,681,205,845,484,1329,648,205,0.6174018101560498,0.6396261198294158,1.0,0.63581640331076,123
0.5,0.05,0.1,0.1,0.2768999247554552,0.0,0.9164785553047404,0.3016304347826087,0.4691497366440933,0.04698972099853157,3,0.12191358024691358,196,186,cs_mondrian,32,79,681,205,961,368,1329,648,205,0.6748505123694044,0.6396261198294158,2.0,0.7231000752445448,123
0.5,0.1,0.1,0.1,0.36418359668924005,0.0,0.8833709556057185,0.3202479338842975,0.49172310007524456,0.11160058737151249,3,0.12191358024691358,186,186,mondrian,76,79,681,205,845,484,1329,648,205,0.6174018101560498,0.6396261198294158,2.0,0.63581640331076,123
0.5,0.02,0.1,0.1,0.2197140707298721,0.0,0.9345372460496614,0.2979452054794521,0.4796839729119639,0.011747430249632892,3,0.12191358024691358,202,186,cs_mondrian,8,79,681,205,1037,292,1329,648,205,0.7562749082043136,0.6396261198294158,5.0,0.780285929270128,123
0.5,0.1,0.1,0.1,0.36418359668924005,0.0,0.8833709556057185,0.3202479338842975,0.663280662151994,0.11160058737151249,3,0.12191358024691358,186,186,mondrian,76,79,681,205,845,484,1329,648,205,0.6174018101560498,0.6396261198294158,5.0,0.63581640331076,123
0.5,0.01,0.1,0.1,0.20617005267118135,0.0,0.9398043641835967,0.291970802919708,0.463882618510158,0.0014684287812041115,3,0.12191358024691358,204,186,cs_mondrian,1,79,681,205,1055,274,1329,648,205,0.7974563850432963,0.6396261198294158,10.0,0.7938299473288186,123
0.5,0.1,0.1,0.1,0.36418359668924005,0.0,0.8833709556057185,0.3202479338842975,0.9492099322799097,0.11160058737151249,3,0.12191358024691358,186,186,mondrian,76,79,681,205,845,484,1329,648,205,0.6174018101560498,0.6396261198294158,10.0,0.63581640331076,123
0.5,0.03333333333333333,0.1,0.1,0.2581360946745562,0.0,0.9119822485207101,0.34097421203438394,0.5210798816568047,0.0603448275862069,3,0.1173780487804878,200,186,cs_mondrian,42,77,696,205,1003,349,1352,656,205,0.6934559664316686,0.6534645249588946,3.0,0.7418639053254438,2024
0.5,0.1,0.1,0.1,0.34171597633136097,0.0,0.8720414201183432,0.37445887445887444,0.599112426035503,0.13793103448275862,3,0.1173780487804878,186,186,mondrian,96,77,696,205,890,462,1352,656,205,0.6434851778981923,0.6534645249588946,3.0,0.658284023668639,2024
0.5,0.1,0.1,0.1,0.34171597633136097,0.0,0.8720414201183432,0.37445887445887444,0.45710059171597633,0.13793103448275862,3,0.1173780487804878,186,186,cs_mondrian,96,77,696,205,890,462,1352,656,205,0.6434851778981923,0.6534645249588946,1.0,0.658284023668639,2024
0.5,0.1,0.1,0.1,0.34171597633136097,0.0,0.8720414201183432,0.37445887445887444,0.45710059171597633,0.13793103448275862,3,0.1173780487804878,186,186,mondrian,96,77,696,205,890,462,1352,656,205,0.6434851778981923,0.6534645249588946,1.0,0.658284023668639,2024
0.5,0.05,0.1,0.1,0.28846153846153844,0.0,0.8986686390532544,0.35128205128205126,0.5014792899408284,0.08620689655172414,3,0.1173780487804878,196,186,cs_mondrian,60,77,696,205,962,390,1352,656,205,0.673628323832735,0.6534645249588946,2.0,0.7115384615384616,2024
0.5,0.1,0.1,0.1,0.34171597633136097,0.0,0.8720414201183432,0.37445887445887444,0.5281065088757396,0.13793103448275862,3,0.1173780487804878,186,186,mondrian,96,77,696,205,890,462,1352,656,205,0.6434851778981923,0.6534645249588946,2.0,0.658284023668639,2024
0.5,0.02,0.1,0.1,0.21227810650887574,0.0,0.9282544378698225,0.33797909407665505,0.5247781065088757,0.028735632183908046,3,0.1173780487804878,202,186,cs_mondrian,20,77,696,205,1065,287,1352,656,205,0.7292335658403561,0.6534645249588946,5.0,0.7877218934911243,2024
0.5,0.1,0.1,0.1,0.34171597633136097,0.0,0.8720414201183432,0.37445887445887444,0.7411242603550295,0.13793103448275862,3,0.1173780487804878,186,186,mondrian,96,77,696,205,890,462,1352,656,205,0.6434851778981923,0.6534645249588946,5.0,0.658284023668639,2024
0.5,0.01,0.1,0.1,0.20784023668639054,0.0,0.9289940828402367,0.3416370106761566,0.5935650887573964,0.027298850574712645,3,0.1173780487804878,204,186,cs_mondrian,19,77,696,205,1071,281,1352,656,205,0.7359290944778752,0.6534645249588946,10.0,0.7921597633136095,2024
0.5,0.1,0.1,0.1,0.34171597633136097,0.0,0.8720414201183432,0.37445887445887444,1.0961538461538463,0.13793103448275862,3,0.1173780487804878,186,186,mondrian,96,77,696,205,890,462,1352,656,205,0.6434851778981923,0.6534645249588946,10.0,0.658284023668639,2024
0.5,0.03333333333333333,0.1,0.1,0.1930879038317055,0.0,0.9361382419233659,0.33073929961089493,0.4823441021788129,0.014641288433382138,3,0.11574074074074074,200,186,cs_mondrian,10,75,683,205,1074,257,1331,648,205,0.7599712496436482,0.6576162258011012,3.0,0.8069120961682945,2026
0.5,0.1,0.1,0.1,0.32982719759579265,0.0,0.8827948910593538,0.3553530751708428,0.5740045078888054,0.11859443631039532,3,0.11574074074074074,186,186,mondrian,81,75,683,205,892,439,1331,648,205,0.6346220383300123,0.6576162258011012,3.0,0.6701728024042074,2026
0.5,0.1,0.1,0.1,0.32982719759579265,0.0,0.8827948910593538,0.3553530751708428,0.4522915101427498,0.11859443631039532,3,0.11574074074074074,186,186,cs_mondrian,81,75,683,205,892,439,1331,648,205,0.6346220383300123,0.6576162258011012,1.0,0.6701728024042074,2026
0.5,0.1,0.1,0.1,0.32982719759579265,0.0,0.8827948910593538,0.3553530751708428,0.4522915101427498,0.11859443631039532,3,0.11574074074074074,186,186,mondrian,81,75,683,205,892,439,1331,648,205,0.6346220383300123,0.6576162258011012,1.0,0.6701728024042074,2026
0.5,0.05,0.1,0.1,0.24868519909842224,0.0,0.9158527422990232,0.338368580060423,0.48760330578512395,0.05417276720351391,3,0.11574074074074074,196,186,cs_mondrian,37,75,683,205,1000,331,1331,648,205,0.6922769060537797,0.6576162258011012,2.0,0.7513148009015778,2026
0.5,0.1,0.1,0.1,0.32982719759579265,0.0,0.8827948910593538,0.3553530751708428,0.5131480090157776,0.11859443631039532,3,0.11574074074074074,186,186,mondrian,81,75,683,205,892,439,1331,648,205,0.6346220383300123,0.6576162258011012,2.0,0.6701728024042074,2026
0.5,0.02,0.1,0.1,0.188580015026296,0.0,0.9391435011269722,0.32270916334661354,0.48459804658151767,0.008784773060029283,3,0.11574074074074074,202,186,cs_mondrian,6,75,683,205,1080,251,1331,648,205,0.7679960208905976,0.6576162258011012,5.0,0.8114199849737039,2026
0.5,0.1,0.1,0.1,0.32982719759579265,0.0,0.8827948910593538,0.3553530751708428,0.695717505634861,0.11859443631039532,3,0.11574074074074074,186,186,mondrian,81,75,683,205,892,439,1331,648,205,0.6346220383300123,0.6576162258011012,5.0,0.6701728024042074,2026
0.5,0.01,0.1,0.1,0.1758076634109692,0.0,0.9421487603305785,0.32905982905982906,0.4834710743801653,0.0029282576866764276,3,0.11574074074074074,204,186,cs_mondrian,2,75,683,205,1097,234,1331,648,205,0.824901621206212,0.6576162258011012,10.0,0.8241923365890308,2026
0.5,0.1,0.1,0.1,0.32982719759579265,0.0,0.8827948910593538,0.3553530751708428,1.0,0.11859443631039532,3,0.11574074074074074,186,186,mondrian,81,75,683,205,892,439,1331,648,205,0.6346220383300123,0.6576162258011012,10.0,0.6701728024042074,2026
0.5,0.03333333333333333,0.1,0.1,0.2822222222222222,0.0,0.8970370370370371,0.3648293963254593,0.5151851851851852,0.0527086383601757,4,0.15442278860569716,200,186,cs_mondrian,36,103,683,205,969,381,1350,667,205,0.7186575897444774,0.6363391692020675,3.0,0.7177777777777777,7
0.5,0.1,0.1,0.1,0.37851851851851853,0.0,0.8577777777777778,0.37573385518590996,0.5848148148148148,0.13030746705710103,4,0.15442278860569716,186,186,mondrian,89,103,683,205,839,511,1350,667,205,0.6540898116666105,0.6363391692020675,3.0,0.6214814814814815,7
0.5,0.1,0.1,0.1,0.37851851851851853,0.0,0.8577777777777778,0.37573385518590996,0.45296296296296296,0.13030746705710103,4,0.15442278860569716,186,186,cs_mondrian,89,103,683,205,839,511,1350,667,205,0.6540898116666105,0.6363391692020675,1.0,0.6214814814814815,7
0.5,0.1,0.1,0.1,0.37851851851851853,0.0,0.8577777777777778,0.37573385518590996,0.45296296296296296,0.13030746705710103,4,0.15442278860569716,186,186,mondrian,89,103,683,205,839,511,1350,667,205,0.6540898116666105,0.6363391692020675,1.0,0.6214814814814815,7
0.5,0.05,0.1,0.1,0.2985185185185185,0.0,0.8911111111111111,0.36476426799007444,0.4922222222222222,0.06442166910688141,4,0.15442278860569716,196,186,cs_mondrian,44,103,683,205,947,403,1350,667,205,0.7022838957746066,0.6363391692020675,2.0,0.7014814814814815,7
0.5,0.1,0.1,0.1,0.37851851851851853,0.0,0.8577777777777778,0.37573385518590996,0.5188888888888888,0.13030746705710103,4,0.15442278860569716,186,186,mondrian,89,103,683,205,839,511,1350,667,205,0.6540898116666105,0.6363391692020675,2.0,0.6214814814814815,7
0.5,0.02,0.1,0.1,0.22592592592592592,0.0,0.9148148148148149,0.3770491803278688,0.5077777777777778,0.017569546120058566,4,0.15442278860569716,202,186,cs_mondrian,12,103,683,205,1045,305,1350,667,205,0.781652954605655,0.6363391692020675,5.0,0.774074074074074,7
0.5,0.1,0.1,0.1,0.37851851851851853,0.0,0.8577777777777778,0.37573385518590996,0.7166666666666667,0.13030746705710103,4,0.15442278860569716,186,186,mondrian,89,103,683,205,839,511,1350,667,205,0.6540898116666105,0.6363391692020675,5.0,0.6214814814814815,7
0.5,0.01,0.1,0.1,0.20962962962962964,0.0,0.92,0.38162544169611307,0.5085185185185185,0.007320644216691069,4,0.15442278860569716,204,186,cs_mondrian,5,103,683,205,1067,283,1350,667,205,0.818610479403336,0.6363391692020675,10.0,0.7903703703703704,7
0.5,0.1,0.1,0.1,0.37851851851851853,0.0,0.8577777777777778,0.37573385518590996,1.0462962962962963,0.13030746705710103,4,0.15442278860569716,186,186,mondrian,89,103,683,205,839,511,1350,667,205,0.6540898116666105,0.6363391692020675,10.0,0.6214814814814815,7
0.5,0.03333333333333333,0.1,0.1,0.16841317365269462,0.0,0.9476047904191617,0.3111111111111111,0.4876497005988024,0.019174041297935103,4,0.08662613981762918,200,186,cs_mondrian,13,57,678,205,1111,225,1336,658,205,0.742316941462878,0.6798218064501766,3.0,0.8315868263473054,42
0.5,0.1,0.1,0.1,0.27844311377245506,0.0,0.9079341317365269,0.33064516129032256,0.5516467065868264,0.09734513274336283,4,0.08662613981762918,186,186,mondrian,66,57,678,205,964,372,1336,658,205,0.6575966410932637,0.6798218064501766,3.0,0.7215568862275449,42
0.5,0.1,0.1,0.1,0.27844311377245506,0.0,0.9079341317365269,0.33064516129032256,0.4528443113772455,0.09734513274336283,4,0.08662613981762918,186,186,cs_mondrian,66,57,678,205,964,372,1336,658,205,0.6575966410932637,0.6798218064501766,1.0,0.7215568862275449,42
0.5,0.1,0.1,0.1,0.27844311377245506,0.0,0.9079341317365269,0.33064516129032256,0.4528443113772455,0.09734513274336283,4,0.08662613981762918,186,186,mondrian,66,57,678,205,964,372,1336,658,205,0.6575966410932637,0.6798218064501766,1.0,0.7215568862275449,42
0.5,0.05,0.1,0.1,0.19311377245508982,0.0,0.9408682634730539,0.3062015503875969,0.47904191616766467,0.032448377581120944,4,0.08662613981762918,196,186,cs_mondrian,22,57,678,205,1078,258,1336,658,205,0.7156251930593138,0.6798218064501766,2.0,0.8068862275449101,42
0.5,0.1,0.1,0.1,0.27844311377245506,0.0,0.9079341317365269,0.33064516129032256,0.5022455089820359,0.09734513274336283,4,0.08662613981762918,186,186,mondrian,66,57,678,205,964,372,1336,658,205,0.6575966410932637,0.6798218064501766,2.0,0.7215568862275449,42
0.5,0.02,0.1,0.1,0.16541916167664672,0.0,0.9483532934131736,0.31221719457013575,0.5048652694610778,0.017699115044247787,4,0.08662613981762918,202,186,cs_mondrian,12,57,678,205,1115,221,1336,658,205,0.7487390956744397,0.6798218064501766,5.0,0.8345808383233533,42
0.5,0.1,0.1,0.1,0.27844311377245506,0.0,0.9079341317365269,0.33064516129032256,0.6504491017964071,0.09734513274336283,4,0.08662613981762918,186,186,mondrian,66,57,678,205,964,372,1336,658,205,0.6575966410932637,0.6798218064501766,5.0,0.7215568862275449,42
0.5,0.01,0.1,0.1,0.15419161676646706,0.0,0.9528443113772455,0.3058252427184466,0.5104790419161677,0.008849557522123894,4,0.08662613981762918,204,186,cs_mondrian,6,57,678,205,1130,206,1336,658,205,0.7703268796650007,0.6798218064501766,10.0,0.8458083832335329,42
0.5,0.1,0.1,0.1,0.27844311377245506,0.0,0.9079341317365269,0.33064516129032256,0.8974550898203593,0.09734513274336283,4,0.08662613981762918,186,186,mondrian,66,57,678,205,964,372,1336,658,205,0.6575966410932637,0.6798218064501766,10.0,0.7215568862275449,42
0.5,0.03333333333333333,0.1,0.1,0.19236526946107785,0.0,0.9341317365269461,0.3424124513618677,0.4981287425149701,0.027777777777777776,4,0.1058282208588957,200,186,cs_mondrian,19,69,684,205,1079,257,1336,652,205,0.7453106781068575,0.6673061876580414,3.0,0.8076347305389222,123
0.5,0.1,0.1,0.1,0.29790419161676646,0.0,0.9026946107784432,0.32663316582914576,0.5396706586826348,0.0891812865497076,4,0.1058282208588957,186,186,mondrian,61,69,684,205,938,398,1336,652,205,0.6490442694902987,0.6673061876580414,3.0,0.7020958083832335,123
0.5,0.1,0.1,0.1,0.29790419161676646,0.0,0.9026946107784432,0.32663316582914576,0.44835329341317365,0.0891812865497076,4,0.1058282208588957,186,186,cs_mondrian,61,69,684,205,938,398,1336,652,205,0.6490442694902987,0.6673061876580414,1.0,0.7020958083832335,123
0.5,0.1,0.1,0.1,0.29790419161676646,0.0,0.9026946107784432,0.32663316582914576,0.44835329341317365,0.0891812865497076,4,0.1058282208588957,186,186,mondrian,61,69,684,205,938,398,1336,652,205,0.6490442694902987,0.6673061876580414,1.0,0.7020958083832335,123
0.5,0.05,0.1,0.1,0.23278443113772454,0.0,0.9221556886227545,0.33440514469453375,0.4876497005988024,0.05116959064327485,4,0.1058282208588957,196,186,cs_mondrian,35,69,684,205,1025,311,1336,652,205,0.6963611019028286,0.6673061876580414,2.0,0.7672155688622755,123
0.5,0.1,0.1,0.1,0.29790419161676646,0.0,0.9026946107784432,0.32663316582914576,0.4940119760479042,0.0891812865497076,4,0.1058282208588957,186,186,mondrian,61,69,684,205,938,398,1336,652,205,0.6490442694902987,0.6673061876580414,2.0,0.7020958083832335,123
0.5,0.02,0.1,0.1,0.19086826347305388,0.0,0.9341317365269461,0.34509803921568627,0.5273203592814372,0.027777777777777776,4,0.1058282208588957,202,186,cs_mondrian,19,69,684,205,1081,255,1336,652,205,0.7486500268243903,0.6673061876580414,5.0,0.8091317365269461,123
0.5,0.1,0.1,0.1,0.29790419161676646,0.0,0.9026946107784432,0.32663316582914576,0.6309880239520959,0.0891812865497076,4,0.1058282208588957,186,186,mondrian,61,69,684,205,938,398,1336,652,205,0.6490442694902987,0.6673061876580414,5.0,0.7020958083832335,123
0.5,0.01,0.1,0.1,0.15718562874251496,0.0,0.9483532934131736,0.32857142857142857,0.47305389221556887,0.0,4,0.1058282208588957,204,186,cs_mondrian,0,69,684,205,1126,210,1336,652,205,0.8310858606106446,0.6673061876580414,10.0,0.842814371257485,123
0.5,0.1,0.1,0.1,0.29790419161676646,0.0,0.9026946107784432,0.32663316582914576,0.8592814371257484,0.0891812865497076,4,0.1058282208588957,186,186,mondrian,61,69,684,205,938,398,1336,652,205,0.6490442694902987,0.6673061876580414,10.0,0.7020958083832335,123
0.5,0.03333333333333333,0.1,0.1,0.1973392461197339,0.0,0.9408721359940873,0.299625468164794,0.4870657797487066,0.02604920405209841,4,0.09365558912386707,200,186,cs_mondrian,18,62,691,205,1086,267,1353,662,205,0.7210644367534429,0.6677978805282512,3.0,0.802660753880266,2024
0.5,0.1,0.1,0.1,0.3170731707317073,0.0,0.8994826311899483,0.317016317016317,0.5513673318551368,0.10709117221418235,4,0.09365558912386707,186,186,mondrian,74,62,691,205,924,429,1353,662,205,0.627320445182397,0.6677978805282512,3.0,0.6829268292682927,2024
0.5,0.1,0.1,0.1,0.3170731707317073,0.0,0.8994826311899483,0.317016317016317,0.44198078344419806,0.10709117221418235,4,0.09365558912386707,186,186,cs_mondrian,74,62,691,205,924,429,1353,662,205,0.627320445182397,0.6677978805282512,1.0,0.6829268292682927,2024
0.5,0.1,0.1,0.1,0.3170731707317073,0.0,0.8994826311899483,0.317016317016317,0.44198078344419806,0.10709117221418235,4,0.09365558912386707,186,186,mondrian,74,62,691,205,924,429,1353,662,205,0.627320445182397,0.6677978805282512,1.0,0.6829268292682927,2024
0.5,0.05,0.1,0.1,0.2261640798226164,0.0,0.9320029563932003,0.3006535947712418,0.4770879526977088,0.04341534008683068,4,0.09365558912386707,196,186,cs_mondrian,30,62,691,205,1047,306,1353,662,205,0.6879384967210147,0.6677978805282512,2.0,0.7738359201773836,2024
0.5,0.1,0.1,0.1,0.3170731707317073,0.0,0.8994826311899483,0.317016317016317,0.49667405764966743,0.10709117221418235,4,0.09365558912386707,186,186,mondrian,74,62,691,205,924,429,1353,662,205,0.627320445182397,0.6677978805282512,2.0,0.6829268292682927,2024
0.5,0.02,0.1,0.1,0.1877309682187731,0.0,0.9438285291943829,0.2992125984251969,0.5036954915003695,0.020260492040520984,4,0.09365558912386707,202,186,cs_mondrian,14,62,691,205,1099,254,1353,662,205,0.7367534961559259,0.6677978805282512,5.0,0.8122690317812269,2024
0.5,0.1,0.1,0.1,0.3170731707317073,0.0,0.8994826311899483,0.317016317016317,0.6607538802660754,0.10709117221418235,4,0.09365558912386707,186,186,mondrian,74,62,691,205,924,429,1353,662,205,0.627320445182397,0.6677978805282512,5.0,0.6829268292682927,2024
0.5,0.01,0.1,0.1,0.1648189209164819,0.0,0.950480413895048,0.3004484304932735,0.500369549150037,0.00723589001447178,4,0.09365558912386707,204,186,cs_mondrian,5,62,691,205,1130,223,1353,662,205,0.7902689100393399,0.6677978805282512,10.0,0.8351810790835181,2024
0.5,0.1,0.1,0.1,0.3170731707317073,0.0,0.8994826311899483,0.317016317016317,0.934220251293422,0.10709117221418235,4,0.09365558912386707,186,186,mondrian,74,62,691,205,924,429,1353,662,205,0.627320445182397,0.6677978805282512,10.0,0.6829268292682927,2024
0.5,0.03333333333333333,0.1,0.1,0.2349042709867452,0.0,0.9241531664212077,0.322884012539185,0.509941089837997,0.051094890510948905,4,0.10104011887072809,200,186,cs_mondrian,35,68,685,205,1039,319,1358,673,205,0.6844675625332453,0.6382080928524542,3.0,0.7650957290132547,2026
0.5,0.1,0.1,0.1,0.3335787923416789,0.0,0.8888070692194403,0.3333333333333333,0.5666421207658321,0.12116788321167883,4,0.10104011887072809,186,186,mondrian,83,68,685,205,905,453,1358,673,205,0.6315341657298769,0.6382080928524542,3.0,0.666421207658321,2026
0.5,0.1,0.1,0.1,0.3335787923416789,0.0,0.8888070692194403,0.3333333333333333,0.44440353460972015,0.12116788321167883,4,0.10104011887072809,186,186,cs_mondrian,83,68,685,205,905,453,1358,673,205,0.6315341657298769,0.6382080928524542,1.0,0.666421207658321,2026
0.5,0.1,0.1,0.1,0.3335787923416789,0.0,0.8888070692194403,0.3333333333333333,0.44440353460972015,0.12116788321167883,4,0.10104011887072809,186,186,mondrian,83,68,685,205,905,453,1358,673,205,0.6315341657298769,0.6382080928524542,1.0,0.666421207658321,2026
0.5,0.05,0.1,0.1,0.2606774668630339,0.0,0.9153166421207658,0.3248587570621469,0.4889543446244477,0.06861313868613139,4,0.10104011887072809,196,186,cs_mondrian,47,68,685,205,1004,354,1358,673,205,0.6663621124819274,0.6382080928524542,2.0,0.7393225331369662,2026
0.5,0.1,0.1,0.1,0.3335787923416789,0.0,0.8888070692194403,0.3333333333333333,0.5055228276877761,0.12116788321167883,4,0.10104011887072809,186,186,mondrian,83,68,685,205,905,453,1358,673,205,0.6315341657298769,0.6382080928524542,2.0,0.666421207658321,2026
0.5,0.02,0.1,0.1,0.20692194403534608,0.0,0.93519882179676,0.31316725978647686,0.5202503681885126,0.029197080291970802,4,0.10104011887072809,202,186,cs_mondrian,20,68,685,205,1077,281,1358,673,205,0.7133540148487632,0.6382080928524542,5.0,0.7930780559646539,2026
0.5,0.1,0.1,0.1,0.3335787923416789,0.0,0.8888070692194403,0.3333333333333333,0.688880706921944,0.12116788321167883,4,0.10104011887072809,186,186,mondrian,83,68,685,205,905,453,1358,673,205,0.6315341657298769,0.6382080928524542,5.0,0.666421207658321,2026
0.5,0.01,0.1,0.1,0.19955817378497792,0.0,0.938880706921944,0.3062730627306273,0.5607511045655376,0.021897810218978103,4,0.10104011887072809,204,186,cs_mondrian,15,68,685,205,1087,271,1358,673,205,0.7231288209669877,0.6382080928524542,10.0,0.8004418262150221,2026
0.5,0.1,0.1,0.1,0.3335787923416789,0.0,0.8888070692194403,0.3333333333333333,0.9944771723122239,0.12116788321167883,4,0.10104011887072809,186,186,mondrian,83,68,685,205,905,453,1358,673,205,0.6315341657298769,0.6382080928524542,10.0,0.666421207658321,2026
