B,cs_budget_violation_test,cs_sel_reject_rate,cs_selected_alpha,cs_test_cost,cs_test_reject_rate,delta_cost,delta_reject_test,fold,infeasible_methods,md_budget_violation_test,md_sel_reject_rate,md_selected_alpha,md_test_cost,md_test_reject_rate,note,seed
0.6,0,0.5931983049630108,0.25,0.4933823529411765,0.5661764705882353,-0.08161764705882346,0.007352941176470562,0,,0,0.5621117444646856,0.175,0.575,0.5588235294117647,ok,7
0.7,0,0.6650268032620974,0.2,0.4860294117647059,0.6558823529411765,-0.05551470588235291,0.0022058823529411686,0,,0,0.660972360972361,0.125,0.5415441176470588,0.6536764705882353,ok,7
0.8,0,0.7957953810894988,0.125,0.48419117647058824,0.7595588235294117,-0.02463235294117644,0.022794117647058743,0,,0,0.7599194922724335,0.1,0.5088235294117647,0.736764705882353,ok,7
0.6,0,0.5522621169679993,0.2,0.4888558692421991,0.5735512630014858,-0.09509658246656766,0.002971768202080227,0,,0,0.5581134551722786,0.125,0.5839524517087668,0.5705794947994056,ok,42
0.7,0,0.686208562679151,0.125,0.4862555720653789,0.687221396731055,-0.08358098068350667,0.036404160475482894,0,,0,0.6304793245969718,0.1,0.5698365527488856,0.6508172362555721,ok,42
0.8,0,0.7847146317734552,0.1,0.4851411589895988,0.7845468053491828,-0.053863298662704284,0.057206537890044595,0,,0,0.705705079234491,0.075,0.5390044576523031,0.7273402674591382,ok,42
0.6,0,0.5703370703370704,0.225,0.5161870503597122,0.5863309352517986,-0.053597122302158295,-0.016546762589928043,0,,1,0.5780771516065634,0.125,0.5697841726618705,0.6028776978417266,ok,123
0.7,0,0.681326298973358,0.175,0.4985611510791367,0.6906474820143885,-0.04928057553956833,0.028057553956834513,0,,0,0.6608266461207638,0.1,0.547841726618705,0.662589928057554,ok,123
0.8,0,0.7478507331448507,0.125,0.48633093525179855,0.7467625899280576,-0.04640287769784174,-0.010791366906474864,0,,0,0.7663333398627517,0.075,0.5327338129496403,0.7575539568345324,ok,123
0.6,0,0.5988531076766371,0.225,0.46460506706408344,0.5953800298062594,-0.08159463487332341,0.06333830104321914,0,,0,0.562725836255248,0.175,0.5461997019374069,0.5320417287630402,ok,2024
0.7,0,0.6719515778339307,0.175,0.4761549925484352,0.6736214605067065,-0.045454545454545414,-0.0029806259314455463,0,,0,0.6911105234634646,0.125,0.5216095380029806,0.676602086438152,ok,2024
0.8,0,0.7597020626432391,0.125,0.49254843517138597,0.7704918032786885,-0.003725782414307044,-0.014903129657228065,0,,0,0.7877491789256493,0.075,0.496274217585693,0.7853949329359166,ok,2024
0.6,0,0.5648387560152266,0.25,0.5257731958762887,0.5478645066273933,-0.08541973490427102,0.004418262150221008,0,,0,0.5975685534509064,0.15,0.6111929307805597,0.5434462444771723,ok,2026
0.7,0,0.6992310521722286,0.15,0.5003681885125184,0.6840942562592047,-0.09020618556701032,0.093519882179676,0,,0,0.6369833869833869,0.125,0.5905743740795287,0.5905743740795287,ok,2026
0.8,0,0.7662179868062221,0.1,0.501840942562592,0.7459499263622975,-0.03313696612665684,0.004418262150220897,0,,0,0.7842424460071518,0.075,0.5349779086892489,0.7415316642120766,ok,2026
0.6,0,0.556128512010865,0.225,0.500374531835206,0.5632958801498127,-0.10449438202247197,-0.03370786516853941,1,,0,0.5975217592864651,0.15,0.6048689138576779,0.5970037453183521,ok,7
0.7,0,0.6624731477672654,0.175,0.49288389513108616,0.6651685393258427,-0.05917602996254684,-0.04044943820224711,1,,1,0.6934797228914874,0.1,0.552059925093633,0.7056179775280899,ok,7
0.8,0,0.7876861700391111,0.1,0.4850187265917603,0.7872659176029962,-0.04119850187265911,0.0029962546816478808,1,,0,0.7689581660169893,0.075,0.5262172284644194,0.7842696629213484,ok,7
0.6,0,0.5897553426965192,0.225,0.5093492894540015,0.5415108451757666,-0.0725504861630516,0.014958863126402377,1,,0,0.5384292178409826,0.15,0.5818997756170531,0.5265519820493643,ok,42
0.7,0,0.669264395734984,0.175,0.49401645474943906,0.6245325355272999,-0.07367240089753174,-0.023186237845923663,1,,0,0.6799135505017858,0.1,0.5676888556469708,0.6477187733732236,ok,42
0.8,0,0.7771747859983155,0.125,0.4760658189977562,0.7606581899775617,-0.04487658937920719,0.02393418100224387,1,,0,0.7792863998746351,0.075,0.5209424083769634,0.7367240089753179,ok,42
0.6,0,0.5866256836845071,0.25,0.5321983715766099,0.5625462620281273,-0.07401924500370105,-0.0088823094004441,1,,0,0.5822647940294999,0.175,0.6062176165803109,0.5714285714285714,ok,123
0.7,0,0.6775808069925718,0.2,0.5114729829755736,0.6602516654330126,-0.0669874167283494,-0.01702442635085122,1,,0,0.6554171318877201,0.125,0.578460399703923,0.6772760917838638,ok,123
0.8,1,0.7898579633873751,0.125,0.5003700962250185,0.8008882309400445,-0.023316062176165775,-0.008142116950407008,1,,1,0.7933512021747315,0.075,0.5236861584011843,0.8090303478904515,ok,123
0.6,0,0.5571454689101748,0.225,0.5242175856929955,0.5566318926974665,-0.07526080476900154,-0.04023845007451565,1,,0,0.5892816333992804,0.125,0.599478390461997,0.5968703427719821,ok,2024
0.7,0,0.6703965968671852,0.175,0.5190014903129657,0.643070044709389,-0.05737704918032782,-0.019374068554396384,1,,0,0.6434643787584963,0.1,0.5763785394932935,0.6624441132637854,ok,2024
0.8,0,0.7656803980333393,0.125,0.5040983606557377,0.7593144560357675,-0.036140089418778,-0.006706408345752646,1,,0,0.7887308769661711,0.075,0.5402384500745157,0.7660208643815202,ok,2024
0.6,0,0.591661279896574,0.175,0.5223048327137546,0.5762081784386617,-0.042007434944237976,0.005204460966542701,1,,0,0.5808014425661484,0.125,0.5643122676579926,0.571003717472119,ok,2026
0.7,0,0.6536597389538567,0.15,0.5022304832713754,0.6356877323420075,-0.03754646840148701,-0.014126394052044522,1,,0,0.6585437438378615,0.1,0.5397769516728624,0.649814126394052,ok,2026
0.8,0,0.7702896232307995,0.1,0.47695167286245355,0.7605947955390334,-0.060594795539033464,0.06022304832713754,1,,0,0.7130796219031514,0.075,0.537546468401487,0.7003717472118959,ok,2026
0.6,0,0.5882141823318294,0.2,0.5111524163568774,0.5672862453531599,-0.06022304832713754,0.06245353159851297,2,,0,0.5418640183346065,0.15,0.5713754646840149,0.5048327137546469,ok,7
0.7,0,0.6980852480852481,0.125,0.49182156133828997,0.6698884758364312,-0.04200743494423792,0.09442379182156124,2,,0,0.6018905930670636,0.125,0.5338289962825279,0.5754646840148699,ok,7
0.8,0,0.6980852480852481,0.125,0.49182156133828997,0.6698884758364312,-0.03531598513011153,-0.08698884758364311,2,,0,0.7846569552451906,0.075,0.5271375464684015,0.7568773234200743,ok,7
0.6,1,0.5754845372492431,0.175,0.522476050110538,0.6131171702284451,-0.07627118644067787,0.05969049373618285,2,,0,0.5389214271567213,0.15,0.5987472365512159,0.5534266764922623,ok,42
0.7,1,0.6817620288208522,0.125,0.5106853352984525,0.7133382461311717,-0.05858511422254975,0.07590272660280029,2,,0,0.6491769668240256,0.1,0.5692704495210023,0.6374355195283714,ok,42
0.8,0,0.7483234630293454,0.1,0.4896831245394252,0.765659543109801,-0.07258658806190121,0.05969049373618274,2,,0,0.7111273258332083,0.075,0.5622697126013264,0.7059690493736183,ok,42
0.6,0,0.5966985084632143,0.2,0.4984894259818731,0.5317220543806647,-0.05135951661631416,-0.004531722054380682,2,,0,0.5529938471114941,0.15,0.5498489425981873,0.5362537764350453,ok,123
0.7,0,0.6831920802509037,0.15,0.4947129909365559,0.6389728096676737,-0.03889728096676731,-0.00981873111782483,2,,0,0.6778232660585601,0.1,0.5336102719033232,0.6487915407854985,ok,123
0.8,0,0.7675668558021498,0.075,0.4973564954682779,0.7590634441087614,-0.016616314199395743,0.048338368580060465,2,,0,0.7244547391606214,0.075,0.5139728096676737,0.7107250755287009,ok,123
0.6,1,0.5790111848935378,0.175,0.5011185682326622,0.6055182699478001,-0.059284116331096204,0.03504847129008204,2,,0,0.5538823921176862,0.15,0.5604026845637584,0.5704697986577181,ok,2024
0.7,0,0.6667714638302874,0.15,0.4917971662938106,0.6927665920954511,-0.04362416107382555,0.030574198359433202,2,,0,0.6453344041579335,0.1,0.5354213273676361,0.6621923937360179,ok,2024
0.8,0,0.7569221628045159,0.1,0.4750186428038777,0.7740492170022372,-0.061894108873974674,0.03281133482475762,2,,0,0.727548595195654,0.075,0.5369127516778524,0.7412378821774795,ok,2024
0.6,0,0.5675485734309264,0.2,0.5104633781763827,0.5844544095665172,-0.08856502242152464,0.0022421524663677195,2,,0,0.5787341199105905,0.15,0.5990284005979073,0.5822122571001495,ok,2026
0.7,1,0.6976179593826654,0.15,0.5011210762331838,0.7047832585949177,-0.048579970104633885,0.020926756352765308,2,,0,0.6769162210338681,0.1,0.5497010463378177,0.6838565022421524,ok,2026
0.8,0,0.7609117462058639,0.1,0.4943946188340807,0.7526158445440957,-0.04857997010463383,0.005979073243647215,2,,0,0.7337613367025131,0.075,0.5429745889387145,0.7466367713004485,ok,2026
0.6,0,0.5800969183322124,0.225,0.4798507462686567,0.5701492537313433,-0.07238805970149259,-0.04626865671641789,3,,1,0.5790685349508878,0.125,0.5522388059701493,0.6164179104477612,ok,7
0.7,1,0.6893874099756454,0.125,0.4716417910447761,0.7149253731343284,-0.06305970149253737,0.04701492537313434,3,,0,0.6318768377591908,0.1,0.5347014925373135,0.667910447761194,ok,7
0.8,0,0.7513809719692072,0.075,0.47574626865671643,0.7843283582089552,-0.014179104477611948,-0.035820895522388096,3,,1,0.7910477322242028,0.05,0.4899253731343284,0.8201492537313433,ok,7
0.6,1,0.5940927264456676,0.175,0.5391432791728212,0.6292466765140325,-0.04800590841949781,0.03101920236336786,3,,0,0.550635638870933,0.125,0.587149187592319,0.5982274741506647,ok,42
0.7,1,0.6795198265786502,0.125,0.53397341211226,0.7001477104874446,-0.02584933530280642,-0.028064992614475592,3,,1,0.6955272396448868,0.075,0.5598227474150664,0.7282127031019202,ok,42
0.8,0,0.7392509451332981,0.1,0.5055391432791728,0.759970457902511,-0.045051698670605655,-0.05169867060561306,3,,1,0.7980771951360188,0.05,0.5505908419497785,0.8116691285081241,ok,42
0.6,0,0.5395330160036043,0.25,0.5195635816403311,0.5124153498871332,-0.0338600451467268,-0.0842738901429646,3,,0,0.5928538781479958,0.125,0.5534236267870579,0.5966892400300978,ok,123
0.7,0,0.673618211853506,0.15,0.4887133182844244,0.6598946576373212,-0.06019563581640336,0.0240782543265613,3,,0,0.6322804646334058,0.1,0.5489089541008277,0.63581640331076,ok,123
0.8,0,0.7597709480062421,0.1,0.48081264108352145,0.7524454477050414,-0.02746425884123399,-0.04589917231000751,3,,0,0.7996643878996821,0.05,0.5082768999247554,0.7983446200150489,ok,123
0.6,1,0.5977067594714653,0.15,0.5395710059171598,0.6087278106508875,-0.08431952662721887,0.028106508875739622,3,,0,0.5845450845450846,0.125,0.6238905325443787,0.5806213017751479,ok,2024
0.7,0,0.6880418056888644,0.125,0.5262573964497042,0.6826923076923077,-0.07285502958579881,0.02440828402366868,3,,0,0.6576903488668194,0.1,0.599112426035503,0.658284023668639,ok,2024
0.8,0,0.751036001036001,0.1,0.5210798816568047,0.7418639053254438,-0.07137573964497035,0.02440828402366868,3,,0,0.7276873453344042,0.075,0.5924556213017751,0.7174556213017751,ok,2024
0.6,0,0.5787774317186081,0.225,0.5270473328324567,0.5837716003005259,-0.0912847483095417,0.0608564988730278,3,,0,0.5139288815759403,0.15,0.6183320811419984,0.5229151014274981,ok,2026
0.7,0,0.6792194733371204,0.15,0.5048835462058603,0.6972201352366642,-0.06912096168294513,0.02704733283245675,3,,0,0.6774973392620451,0.1,0.5740045078888054,0.6701728024042074,ok,2026
0.8,0,0.7417783741313151,0.125,0.512396694214876,0.7317806160781367,-0.03155522163786628,-0.013523666416228375,3,,0,0.744627376980318,0.075,0.5439519158527423,0.7453042824943651,ok,2026
0.6,0,0.5914695326460032,0.175,0.5281481481481481,0.5777777777777777,-0.10925925925925928,0.11037037037037034,4,,0,0.49082888788771145,0.15,0.6374074074074074,0.4674074074074074,ok,7
0.7,0,0.6461332784862197,0.15,0.5218518518518519,0.6274074074074074,-0.06296296296296289,0.00592592592592589,4,,0,0.6663505339975929,0.1,0.5848148148148148,0.6214814814814815,ok,7
0.8,0,0.7824093118210765,0.075,0.5177777777777778,0.7659259259259259,-0.012962962962962954,-0.009629629629629655,4,,0,0.7999571234865352,0.05,0.5307407407407407,0.7755555555555556,ok,7
0.6,0,0.574326000796589,0.225,0.5288173652694611,0.5696107784431138,-0.05164670658682635,0.014970059880239583,4,,0,0.5548291577703343,0.175,0.5804640718562875,0.5546407185628742,ok,42
0.7,0,0.6921216038863098,0.175,0.5160928143712575,0.6639221556886228,-0.0479041916167664,0.04940119760479045,4,,0,0.624516006868948,0.15,0.5639970059880239,0.6145209580838323,ok,42
0.8,0,0.7515376780082662,0.15,0.4936377245508982,0.7297904191616766,-0.058008982035928136,0.00823353293413176,4,,0,0.7736511854158914,0.1,0.5516467065868264,0.7215568862275449,ok,42
0.6,0,0.5734303822539116,0.25,0.5190868263473054,0.5531437125748503,-0.06437125748502992,0.020958083832335328,4,,0,0.5584850878968526,0.175,0.5834580838323353,0.532185628742515,ok,123
0.7,0,0.6999911852853031,0.175,0.5048652694610778,0.6624251497005988,-0.047155688622754544,0.03592814371257491,4,,0,0.6568790686437745,0.125,0.5520209580838323,0.6264970059880239,ok,123
0.8,0,0.7775204098733511,0.125,0.4902694610778443,0.7455089820359282,-0.04940119760479045,0.0434131736526947,4,,0,0.713931493343258,0.1,0.5396706586826348,0.7020958083832335,ok,123
0.6,1,0.59290110760699,0.2,0.49076127124907615,0.6223207686622321,-0.1023651145602365,0.1278640059127864,4,,0,0.5038229744112097,0.175,0.5931263858093127,0.49445676274944567,ok,2024
0.7,0,0.633900413312178,0.175,0.49150036954915005,0.6548410938654841,-0.07501847745750184,0.02734663710273466,4,,0,0.6529445500033736,0.125,0.5665188470066519,0.6274944567627494,ok,2024
0.8,0,0.7470084381849088,0.125,0.4885439763488544,0.7509238728750924,-0.03473762010347381,-0.014781966001478186,4,,0,0.7794378823790589,0.075,0.5232815964523282,0.7657058388765706,ok,2024
0.6,0,0.5511894423659129,0.2,0.5195139911634757,0.5972017673048601,-0.048232695139911574,-0.01988217967599415,4,,1,0.5930213577272401,0.125,0.5677466863033873,0.6170839469808542,ok,2026
0.7,1,0.6763379322202852,0.125,0.5180412371134021,0.7209131075110456,-0.04860088365242998,0.05449189985272462,4,,0,0.6474242533066064,0.1,0.5666421207658321,0.666421207658321,ok,2026
0.8,0,0.7615472762531587,0.075,0.5110456553755522,0.7835051546391752,-0.020250368188512557,-0.03608247422680411,4,,1,0.7906098259039436,0.05,0.5312960235640648,0.8195876288659794,ok,2026
